ID,name,article_ID
57218202833,Gautam A.,1
7004904337,Crandall J.W.,1
7004904337,Crandall J.W.,156
7004904337,Crandall J.W.,298
7004904337,Crandall J.W.,626
7005513246,Goodrich M.A.,1
7005513246,Goodrich M.A.,156
7005513246,Goodrich M.A.,157
7005513246,Goodrich M.A.,175
7005513246,Goodrich M.A.,302
7005513246,Goodrich M.A.,531
7005513246,Goodrich M.A.,564
7005513246,Goodrich M.A.,588
7005513246,Goodrich M.A.,759
7005513246,Goodrich M.A.,760
7005513246,Goodrich M.A.,861
6508306234,de Moura Oliveira P.B.,2
6508306234,de Moura Oliveira P.B.,177
9277159100,Hedengren J.D.,2
9277159100,Hedengren J.D.,117
9277159100,Hedengren J.D.,177
9277159100,Hedengren J.D.,210
9277159100,Hedengren J.D.,211
9277159100,Hedengren J.D.,224
9277159100,Hedengren J.D.,286
9277159100,Hedengren J.D.,327
9277159100,Hedengren J.D.,338
9277159100,Hedengren J.D.,356
9277159100,Hedengren J.D.,400
9277159100,Hedengren J.D.,430
9277159100,Hedengren J.D.,618
9277159100,Hedengren J.D.,625
9277159100,Hedengren J.D.,642
9277159100,Hedengren J.D.,681
9277159100,Hedengren J.D.,762
9277159100,Hedengren J.D.,828
9277159100,Hedengren J.D.,838
9277159100,Hedengren J.D.,852
9277159100,Hedengren J.D.,871
6507358470,Boaventura-Cunha J.,2
53879700900,Hajimirzaie S.M.,3
26642910500,Hotchkiss R.H.,3
26642910500,Hotchkiss R.H.,414
26642910500,Hotchkiss R.H.,476
26642910500,Hotchkiss R.H.,556
26642910500,Hotchkiss R.H.,763
26642910500,Hotchkiss R.H.,777
57204031131,Bunnell S.,4
57204031131,Bunnell S.,547
6602649851,Gorrell S.,4
6602649851,Gorrell S.,94
6602649851,Gorrell S.,138
6602649851,Gorrell S.,288
6602649851,Gorrell S.,337
6602649851,Gorrell S.,340
6602649851,Gorrell S.,547
6602649851,Gorrell S.,552
6602649851,Gorrell S.,591
6602649851,Gorrell S.,593
6602649851,Gorrell S.,601
6602649851,Gorrell S.,613
6602649851,Gorrell S.,695
6602649851,Gorrell S.,784
6602649851,Gorrell S.,827
56830076500,Salmon J.,4
56830076500,Salmon J.,8
56830076500,Salmon J.,103
56830076500,Salmon J.,111
56830076500,Salmon J.,248
56830076500,Salmon J.,291
56830076500,Salmon J.,328
56830076500,Salmon J.,360
56830076500,Salmon J.,419
56830076500,Salmon J.,505
56830076500,Salmon J.,510
56830076500,Salmon J.,518
56830076500,Salmon J.,542
56830076500,Salmon J.,545
56830076500,Salmon J.,547
56830076500,Salmon J.,566
56830076500,Salmon J.,579
56830076500,Salmon J.,691
56830076500,Salmon J.,695
56830076500,Salmon J.,710
56830076500,Salmon J.,717
56830076500,Salmon J.,735
56830076500,Salmon J.,741
57204029674,Thelin C.,4
57204029674,Thelin C.,547
57204032253,Ruoti C.,4
57204032253,Ruoti C.,547
57217149830,Richardson M.,5
57217149403,Cannon S.,5
57217145377,Teichert L.,5
57217146534,Vance A.,5
57217147399,Kramer I.,5
57217147006,Barter M.,5
57210571665,King J.,5
55611356500,Callahan C.,5
57218886193,Stanković A.M.,6
57218886193,Stanković A.M.,9
57218886193,Stanković A.M.,37
57218886193,Stanković A.M.,162
57218886193,Stanković A.M.,225
57218886193,Stanković A.M.,378
57218886193,Stanković A.M.,402
57218886193,Stanković A.M.,747
57210260262,Sarić A.A.,6
6701777223,Sarić A.T.,6
6701777223,Sarić A.T.,9
6701777223,Sarić A.T.,37
6701777223,Sarić A.T.,161
6701777223,Sarić A.T.,162
6701777223,Sarić A.T.,225
6701777223,Sarić A.T.,284
6701777223,Sarić A.T.,378
6701777223,Sarić A.T.,402
6701777223,Sarić A.T.,405
6701777223,Sarić A.T.,525
6701777223,Sarić A.T.,538
6701777223,Sarić A.T.,747
8448666000,Transtrum M.K.,6
8448666000,Transtrum M.K.,9
8448666000,Transtrum M.K.,37
8448666000,Transtrum M.K.,152
8448666000,Transtrum M.K.,161
8448666000,Transtrum M.K.,162
8448666000,Transtrum M.K.,225
8448666000,Transtrum M.K.,284
8448666000,Transtrum M.K.,378
8448666000,Transtrum M.K.,402
8448666000,Transtrum M.K.,405
8448666000,Transtrum M.K.,525
8448666000,Transtrum M.K.,538
8448666000,Transtrum M.K.,747
8448666000,Transtrum M.K.,771
36149254500,Hackney D.,7
36149254500,Hackney D.,14
36149254500,Hackney D.,640
57191155872,Goode T.,7
57191155872,Goode T.,14
57191155872,Goode T.,188
57191155872,Goode T.,640
56681156600,Seng F.,7
56681156600,Seng F.,14
56681156600,Seng F.,508
56681156600,Seng F.,640
56681156600,Seng F.,700
56681156600,Seng F.,734
35088650000,Pankow M.,7
35088650000,Pankow M.,14
35088650000,Pankow M.,188
35088650000,Pankow M.,640
7201741468,Schultz S.,7
7201741468,Schultz S.,14
7201741468,Schultz S.,484
7201741468,Schultz S.,488
7402786794,Peters K.,7
7402786794,Peters K.,14
7402786794,Peters K.,188
7402786794,Peters K.,640
7402786794,Peters K.,673
57191822951,Coburn J.,8
57191822951,Coburn J.,510
57191822951,Coburn J.,518
57191822951,Coburn J.,691
57188654880,Freeman I.,8
57188654880,Freeman I.,510
57188654880,Freeman I.,518
57188654880,Freeman I.,691
57192247939,Švenda V.G.,9
57192247939,Švenda V.G.,37
57192247939,Švenda V.G.,161
57192247939,Švenda V.G.,405
57192247939,Švenda V.G.,538
57218593962,Walker Z.,10
57218593446,Wells T.,10
57218591162,Lay K.,10
57201772566,Sampad M.J.N.,10
16422844400,Schmidt H.,10
16422844400,Schmidt H.,63
16422844400,Schmidt H.,172
16422844400,Schmidt H.,173
16422844400,Schmidt H.,174
16422844400,Schmidt H.,235
16422844400,Schmidt H.,239
16422844400,Schmidt H.,347
16422844400,Schmidt H.,350
16422844400,Schmidt H.,359
16422844400,Schmidt H.,377
16422844400,Schmidt H.,406
16422844400,Schmidt H.,458
16422844400,Schmidt H.,499
16422844400,Schmidt H.,603
16422844400,Schmidt H.,604
16422844400,Schmidt H.,701
16422844400,Schmidt H.,743
16422844400,Schmidt H.,744
16422844400,Schmidt H.,780
16422844400,Schmidt H.,781
16422844400,Schmidt H.,833
16422844400,Schmidt H.,834
16422844400,Schmidt H.,835
16422844400,Schmidt H.,853
7102975249,Hawkins A.,10
7102975249,Hawkins A.,22
7102975249,Hawkins A.,48
7102975249,Hawkins A.,63
7102975249,Hawkins A.,100
7102975249,Hawkins A.,172
7102975249,Hawkins A.,173
7102975249,Hawkins A.,174
7102975249,Hawkins A.,235
7102975249,Hawkins A.,239
7102975249,Hawkins A.,347
7102975249,Hawkins A.,350
7102975249,Hawkins A.,359
7102975249,Hawkins A.,377
7102975249,Hawkins A.,406
7102975249,Hawkins A.,458
7102975249,Hawkins A.,484
7102975249,Hawkins A.,499
7102975249,Hawkins A.,519
7102975249,Hawkins A.,603
7102975249,Hawkins A.,604
7102975249,Hawkins A.,701
7102975249,Hawkins A.,743
7102975249,Hawkins A.,744
7102975249,Hawkins A.,780
7102975249,Hawkins A.,781
7102975249,Hawkins A.,833
7102975249,Hawkins A.,834
7102975249,Hawkins A.,835
7102975249,Hawkins A.,853
57193338296,Wu F.,11
57194692502,Zhou Z.,11
57194692502,Zhou Z.,448
57202017958,Temizel-Sekeryan S.,11
57205128747,Ghamkhar R.,11
55829396600,Hicks A.L.,11
57201634652,Larsen B.,12
57201634652,Larsen B.,59
57201634652,Larsen B.,611
57218685929,Hunt J.,12
18535712500,Hovanski Y.,12
18535712500,Hovanski Y.,59
18535712500,Hovanski Y.,155
18535712500,Hovanski Y.,187
18535712500,Hovanski Y.,395
18535712500,Hovanski Y.,503
18535712500,Hovanski Y.,569
18535712500,Hovanski Y.,611
18535712500,Hovanski Y.,632
18535712500,Hovanski Y.,633
18535712500,Hovanski Y.,740
18535712500,Hovanski Y.,748
18535712500,Hovanski Y.,865
18535712500,Hovanski Y.,866
18535712500,Hovanski Y.,878
56248593800,Peterson C.K.,13
56248593800,Peterson C.K.,192
56248593800,Peterson C.K.,214
56248593800,Peterson C.K.,221
56248593800,Peterson C.K.,452
56248593800,Peterson C.K.,659
56248593800,Peterson C.K.,676
10640480600,Casbeer D.W.,13
10640480600,Casbeer D.W.,111
24923036100,Manyam S.G.,13
7201675107,Rasmussen S.,13
56330168500,Zou Z.,15
56330168500,Zou Z.,53
56330168500,Zou Z.,512
56330168500,Zou Z.,758
9942259800,Scott M.A.,15
9942259800,Scott M.A.,53
9942259800,Scott M.A.,142
9942259800,Scott M.A.,274
9942259800,Scott M.A.,493
9942259800,Scott M.A.,512
9942259800,Scott M.A.,672
9942259800,Scott M.A.,739
9942259800,Scott M.A.,758
9942259800,Scott M.A.,863
57201257192,Miao D.,15
57201257192,Miao D.,53
57201257192,Miao D.,493
56260937200,Bischoff M.,15
57081918700,Oesterle B.,15
55487415500,Dornisch W.,15
55487415500,Dornisch W.,512
7202083837,Rice M.,16
7202083837,Rice M.,39
7202083837,Rice M.,86
7202083837,Rice M.,149
7202083837,Rice M.,160
7202083837,Rice M.,232
7202083837,Rice M.,249
7202083837,Rice M.,308
7202083837,Rice M.,309
7202083837,Rice M.,311
7202083837,Rice M.,312
7202083837,Rice M.,413
7202083837,Rice M.,434
7202083837,Rice M.,571
7202083837,Rice M.,614
7202083837,Rice M.,615
7202083837,Rice M.,706
7202083837,Rice M.,707
7202083837,Rice M.,801
7202083837,Rice M.,841
7202083837,Rice M.,842
7202083837,Rice M.,877
57210290270,Clark B.,16
57210290270,Clark B.,232
57210288045,Flanary D.,16
57210288045,Flanary D.,232
57210287166,Jensen B.,16
57210287166,Jensen B.,232
57210287166,Jensen B.,309
57211254337,Nelson N.,16
57210292389,Norman K.,16
57210292389,Norman K.,232
57210292389,Norman K.,309
57218761022,Perrins E.,16
35147940600,Harrison W.K.,16
35147940600,Harrison W.K.,85
35147940600,Harrison W.K.,143
35147940600,Harrison W.K.,186
35147940600,Harrison W.K.,232
35147940600,Harrison W.K.,240
35147940600,Harrison W.K.,241
35147940600,Harrison W.K.,253
35147940600,Harrison W.K.,309
35147940600,Harrison W.K.,433
35147940600,Harrison W.K.,434
35147940600,Harrison W.K.,468
35147940600,Harrison W.K.,469
35147940600,Harrison W.K.,572
57201912667,Hendricks L.J.,17
7202282831,Baxter J.S.,17
7202282831,Baxter J.S.,104
7202282831,Baxter J.S.,258
7202282831,Baxter J.S.,520
57218107757,Chou Y.,17
57198832579,Thomas M.,17
57218097969,Boekweg E.,17
7003302831,Guthrie W.S.,17
7003302831,Guthrie W.S.,104
7003302831,Guthrie W.S.,258
7003302831,Guthrie W.S.,520
16066928300,Mazzeo B.A.,17
16066928300,Mazzeo B.A.,104
16066928300,Mazzeo B.A.,258
16066928300,Mazzeo B.A.,520
57213342768,Gardner J.W.,18
57213342768,Gardner J.W.,133
56584019300,Mulford R.B.,19
56584019300,Mulford R.B.,148
56584019300,Mulford R.B.,263
56584019300,Mulford R.B.,447
56584019300,Mulford R.B.,576
56584019300,Mulford R.B.,585
57217581937,Salt S.D.,19
57214937519,Hyatt L.P.,19
57214937519,Hyatt L.P.,34
57214937519,Hyatt L.P.,95
57217581770,Meaker K.S.,19
55542008600,Dwivedi V.H.,19
55542008600,Dwivedi V.H.,263
56714263700,Jones M.R.,19
56714263700,Jones M.R.,148
56714263700,Jones M.R.,263
56714263700,Jones M.R.,447
56714263700,Jones M.R.,576
56714263700,Jones M.R.,585
8608718200,Iverson B.D.,19
8608718200,Iverson B.D.,80
8608718200,Iverson B.D.,148
8608718200,Iverson B.D.,263
8608718200,Iverson B.D.,271
8608718200,Iverson B.D.,432
8608718200,Iverson B.D.,447
8608718200,Iverson B.D.,497
8608718200,Iverson B.D.,576
8608718200,Iverson B.D.,585
8608718200,Iverson B.D.,816
8608718200,Iverson B.D.,851
17341858700,Chowdhury S.,20
42062742100,Zhuang H.,20
55802018400,Coleman S.,20
36515506800,Patala S.,20
56735940800,Bair J.,20
56735940800,Bair J.,57
57194874146,Lu W.,21
8935141300,Cao Q.,21
57194231165,Xu B.,21
6601976036,Adidharma H.,21
35547089300,Gasem K.,21
7004479819,Argyle M.,21
7004479819,Argyle M.,83
7004479819,Argyle M.,418
7004479819,Argyle M.,515
55413647400,Zhang F.,21
55739722900,Zhang Y.,21
7201970805,Fan M.,21
7201970805,Fan M.,418
57217041570,Webb D.,22
57200117690,Song Y.,22
57200117690,Song Y.,70
57200117690,Song Y.,176
57200117690,Song Y.,495
57207689986,Rozsa J.,22
57207689986,Rozsa J.,574
57200699937,Gustafson E.,22
7202316035,Austin D.E.,22
35209941000,Chiang S.-H.W.,22
35209941000,Chiang S.-H.W.,25
35209941000,Chiang S.-H.W.,70
35209941000,Chiang S.-H.W.,129
35209941000,Chiang S.-H.W.,176
35209941000,Chiang S.-H.W.,277
35209941000,Chiang S.-H.W.,474
35209941000,Chiang S.-H.W.,671
35209941000,Chiang S.-H.W.,736
57219312906,Lam S.-H.,23
57215534774,Brewer E.,23
35303536900,Ng Y.-K.,23
35303536900,Ng Y.-K.,463
35303536900,Ng Y.-K.,464
35303536900,Ng Y.-K.,527
35303536900,Ng Y.-K.,528
57216811262,Erickson H.C.,24
8705255200,Homer E.R.,24
8705255200,Homer E.R.,57
8705255200,Homer E.R.,81
8705255200,Homer E.R.,89
8705255200,Homer E.R.,208
8705255200,Homer E.R.,243
8705255200,Homer E.R.,416
8705255200,Homer E.R.,444
8705255200,Homer E.R.,492
8705255200,Homer E.R.,663
8705255200,Homer E.R.,742
57218879246,Huang J.-S.,25
57218883196,Huang Y.-C.,25
57218883472,Kao C.-W.,25
57218875152,Hsu C.-W.,25
36444802300,Chen C.-H.,25
7402967162,Wallace J.W.,26
7402967162,Wallace J.W.,475
7402967162,Wallace J.W.,664
56196521900,Mahmood A.,26
56196521900,Mahmood A.,146
56196521900,Mahmood A.,589
35597296700,Jensen M.A.,26
35597296700,Jensen M.A.,146
35597296700,Jensen M.A.,259
35597296700,Jensen M.A.,475
35597296700,Jensen M.A.,546
35597296700,Jensen M.A.,589
35597296700,Jensen M.A.,664
55649569259,Mehmood R.,26
55649569259,Mehmood R.,475
55649569259,Mehmood R.,589
55649569259,Mehmood R.,664
55849071700,Koch D.P.,27
55849071700,Koch D.P.,465
57190404271,Wheeler D.O.,27
57190404271,Wheeler D.O.,254
57190404271,Wheeler D.O.,465
35562442700,Beard R.W.,27
35562442700,Beard R.W.,31
35562442700,Beard R.W.,35
35562442700,Beard R.W.,190
35562442700,Beard R.W.,192
35562442700,Beard R.W.,341
35562442700,Beard R.W.,346
35562442700,Beard R.W.,368
35562442700,Beard R.W.,451
35562442700,Beard R.W.,459
35562442700,Beard R.W.,460
35562442700,Beard R.W.,462
35562442700,Beard R.W.,465
35562442700,Beard R.W.,646
35562442700,Beard R.W.,711
35562442700,Beard R.W.,775
35562442700,Beard R.W.,788
35562442700,Beard R.W.,821
35562442700,Beard R.W.,831
7006542177,McLain T.W.,27
7006542177,McLain T.W.,40
7006542177,McLain T.W.,122
7006542177,McLain T.W.,191
7006542177,McLain T.W.,213
7006542177,McLain T.W.,215
7006542177,McLain T.W.,216
7006542177,McLain T.W.,254
7006542177,McLain T.W.,465
7006542177,McLain T.W.,494
7006542177,McLain T.W.,646
7006542177,McLain T.W.,657
7006542177,McLain T.W.,782
7006542177,McLain T.W.,831
36668159600,Brink K.M.,27
36668159600,Brink K.M.,40
36668159600,Brink K.M.,122
36668159600,Brink K.M.,254
36668159600,Brink K.M.,494
57200206301,Amini E.,28
57200206301,Amini E.,796
57200206301,Amini E.,803
57200206301,Amini E.,804
57200206301,Amini E.,806
57190131647,Babaei A.,28
35612908400,Mehrnia M.R.,28
8208300700,Shayegan J.,28
57192643299,Safdari M.-S.,28
57192643299,Safdari M.-S.,796
57192643299,Safdari M.-S.,803
57192643299,Safdari M.-S.,804
57192643299,Safdari M.-S.,806
57215136260,Weaver B.P.,29
56442655200,Kaufeld K.,29
55827824100,Warr R.,29
55827824100,Warr R.,275
57197773578,Pack A.T.,30
57197773578,Pack A.T.,358
57197773578,Pack A.T.,812
57204761536,Phipps E.R.,30
7004300863,Mattson C.A.,30
7004300863,Mattson C.A.,47
7004300863,Mattson C.A.,60
7004300863,Mattson C.A.,194
7004300863,Mattson C.A.,262
7004300863,Mattson C.A.,285
7004300863,Mattson C.A.,297
7004300863,Mattson C.A.,317
7004300863,Mattson C.A.,320
7004300863,Mattson C.A.,323
7004300863,Mattson C.A.,325
7004300863,Mattson C.A.,353
7004300863,Mattson C.A.,354
7004300863,Mattson C.A.,358
7004300863,Mattson C.A.,522
7004300863,Mattson C.A.,581
7004300863,Mattson C.A.,684
7004300863,Mattson C.A.,737
7004300863,Mattson C.A.,812
7004300863,Mattson C.A.,813
7004300863,Mattson C.A.,867
8421746800,Dahlin E.C.,30
8421746800,Dahlin E.C.,47
8421746800,Dahlin E.C.,60
8421746800,Dahlin E.C.,323
8421746800,Dahlin E.C.,813
57203660684,White J.H.,31
57203660684,White J.H.,462
57218095797,Clark R.,32
57218102993,Dickinson T.,32
57218105310,Loaiza J.,32
57197795830,Geiger D.W.,32
57197795830,Geiger D.W.,702
14033673100,Charles S.K.,32
14033673100,Charles S.K.,183
14033673100,Charles S.K.,212
14033673100,Charles S.K.,307
14033673100,Charles S.K.,702
14033673100,Charles S.K.,755
57205285411,Rose M.T.,33
57205288709,Pielstick B.D.,33
57205293533,Jones Z.T.,33
6701746882,Sommerfeldt S.D.,33
6701746882,Sommerfeldt S.D.,139
6701746882,Sommerfeldt S.D.,668
10141271600,Gee K.L.,33
10141271600,Gee K.L.,118
10141271600,Gee K.L.,369
10141271600,Gee K.L.,372
10141271600,Gee K.L.,373
10141271600,Gee K.L.,619
10141271600,Gee K.L.,620
10141271600,Gee K.L.,621
10141271600,Gee K.L.,622
10141271600,Gee K.L.,635
10141271600,Gee K.L.,854
10141271600,Gee K.L.,855
10141271600,Gee K.L.,856
10141271600,Gee K.L.,857
10141271600,Gee K.L.,858
7202277096,Thomson S.L.,33
6701720294,Magleby S.P.,34
6701720294,Magleby S.P.,95
6701720294,Magleby S.P.,105
6701720294,Magleby S.P.,107
6701720294,Magleby S.P.,116
6701720294,Magleby S.P.,137
6701720294,Magleby S.P.,154
6701720294,Magleby S.P.,246
6701720294,Magleby S.P.,283
6701720294,Magleby S.P.,314
6701720294,Magleby S.P.,315
6701720294,Magleby S.P.,316
6701720294,Magleby S.P.,318
6701720294,Magleby S.P.,319
6701720294,Magleby S.P.,320
6701720294,Magleby S.P.,321
6701720294,Magleby S.P.,380
6701720294,Magleby S.P.,382
6701720294,Magleby S.P.,411
6701720294,Magleby S.P.,453
6701720294,Magleby S.P.,454
6701720294,Magleby S.P.,455
6701720294,Magleby S.P.,456
6701720294,Magleby S.P.,483
6701720294,Magleby S.P.,500
6701720294,Magleby S.P.,578
6701720294,Magleby S.P.,579
6701720294,Magleby S.P.,580
6701720294,Magleby S.P.,594
6701720294,Magleby S.P.,595
6701720294,Magleby S.P.,596
6701720294,Magleby S.P.,694
6701720294,Magleby S.P.,756
6701720294,Magleby S.P.,809
6701720294,Magleby S.P.,810
6701720294,Magleby S.P.,846
6701720294,Magleby S.P.,847
6701720294,Magleby S.P.,848
6701720294,Magleby S.P.,849
6701720294,Magleby S.P.,873
57211516485,Howell L.L.,34
57211516485,Howell L.L.,76
57211516485,Howell L.L.,95
57211516485,Howell L.L.,106
57211516485,Howell L.L.,116
57211516485,Howell L.L.,125
57211516485,Howell L.L.,137
57211516485,Howell L.L.,154
57211516485,Howell L.L.,163
57211516485,Howell L.L.,201
57211516485,Howell L.L.,246
57211516485,Howell L.L.,283
57211516485,Howell L.L.,314
57211516485,Howell L.L.,315
57211516485,Howell L.L.,316
57211516485,Howell L.L.,318
57211516485,Howell L.L.,321
57211516485,Howell L.L.,379
57211516485,Howell L.L.,380
57211516485,Howell L.L.,382
57211516485,Howell L.L.,389
57211516485,Howell L.L.,408
57211516485,Howell L.L.,411
57211516485,Howell L.L.,412
57211516485,Howell L.L.,442
57211516485,Howell L.L.,445
57211516485,Howell L.L.,453
57211516485,Howell L.L.,454
57211516485,Howell L.L.,455
57211516485,Howell L.L.,456
57211516485,Howell L.L.,478
57211516485,Howell L.L.,483
57211516485,Howell L.L.,500
57211516485,Howell L.L.,521
57211516485,Howell L.L.,577
57211516485,Howell L.L.,578
57211516485,Howell L.L.,580
57211516485,Howell L.L.,594
57211516485,Howell L.L.,595
57211516485,Howell L.L.,596
57211516485,Howell L.L.,694
57211516485,Howell L.L.,756
57211516485,Howell L.L.,809
57211516485,Howell L.L.,811
57211516485,Howell L.L.,846
57211516485,Howell L.L.,847
57211516485,Howell L.L.,848
57211516485,Howell L.L.,849
57211516485,Howell L.L.,873
57200077532,Willis J.,35
57200077532,Willis J.,211
57200077532,Willis J.,573
55613237293,Johnson J.,35
57208246750,Libano F.,36
57208246750,Libano F.,385
57206834042,Wilson B.,36
57206834042,Wilson B.,385
7003292762,Wirthlin M.,36
7003292762,Wirthlin M.,62
7003292762,Wirthlin M.,101
7003292762,Wirthlin M.,113
7003292762,Wirthlin M.,114
7003292762,Wirthlin M.,124
7003292762,Wirthlin M.,195
7003292762,Wirthlin M.,196
7003292762,Wirthlin M.,267
7003292762,Wirthlin M.,362
7003292762,Wirthlin M.,384
7003292762,Wirthlin M.,385
7003292762,Wirthlin M.,403
7003292762,Wirthlin M.,404
7003292762,Wirthlin M.,584
7003292762,Wirthlin M.,685
7003292762,Wirthlin M.,715
7003292762,Wirthlin M.,716
7003292762,Wirthlin M.,817
7003292762,Wirthlin M.,818
19638969800,Rech P.,36
19638969800,Rech P.,385
55301279200,Brunhaver J.,36
7402258065,Lawson J.,38
7402258065,Lawson J.,189
36987999600,Afran M.S.,39
36987999600,Afran M.S.,86
36987999600,Afran M.S.,160
36987999600,Afran M.S.,615
36987999600,Afran M.S.,842
36987999600,Afran M.S.,877
7003868048,Saquib M.,39
7003868048,Saquib M.,86
7003868048,Saquib M.,160
7003868048,Saquib M.,615
7003868048,Saquib M.,842
7003868048,Saquib M.,877
57190402922,Ellingson G.,40
57190402922,Ellingson G.,122
57190402922,Ellingson G.,213
57190402922,Ellingson G.,494
57190402922,Ellingson G.,657
9535406000,Sansom R.L.,41
56703308500,Bodily R.,41
56703308500,Bodily R.,683
57216531463,Bates C.O.,41
23050937200,Leary H.,41
57199050938,Small K.A.,42
57211158470,Clayburn Z.,42
57195286623,DeMott R.,42
35790633100,Primig S.,42
12142543700,Fullwood D.,42
12142543700,Fullwood D.,74
12142543700,Fullwood D.,81
12142543700,Fullwood D.,89
12142543700,Fullwood D.,96
12142543700,Fullwood D.,141
12142543700,Fullwood D.,199
12142543700,Fullwood D.,208
12142543700,Fullwood D.,227
12142543700,Fullwood D.,444
12142543700,Fullwood D.,454
12142543700,Fullwood D.,492
12142543700,Fullwood D.,502
12142543700,Fullwood D.,514
12142543700,Fullwood D.,543
12142543700,Fullwood D.,661
12142543700,Fullwood D.,689
12142543700,Fullwood D.,742
12142543700,Fullwood D.,750
12142543700,Fullwood D.,876
8715877100,Taheri M.L.,42
57209474608,McLeod A.R.,43
57209474608,McLeod A.R.,204
12445208100,Bruening D.,43
12445208100,Bruening D.,204
12445208100,Bruening D.,507
35868117400,Johnson A.W.,43
35868117400,Johnson A.W.,204
57209473859,Ward J.,43
35867849600,Hunter I.,43
35867849600,Hunter I.,204
8929123100,Camacho R.M.,44
8929123100,Camacho R.M.,205
8929123100,Camacho R.M.,423
8929123100,Camacho R.M.,558
57215607275,Fish D.,44
57215609504,Simmons M.,44
57200118993,Awerkamp P.,44
57200118993,Awerkamp P.,436
57200118993,Awerkamp P.,568
57215613881,Anderson R.,44
57215598228,Carlson S.,44
57211987837,Laney J.,44
57211987837,Laney J.,301
57209538650,Viglione M.,44
57209538650,Viglione M.,332
7005636820,Nordin G.P.,44
7005636820,Nordin G.P.,58
7005636820,Nordin G.P.,289
7005636820,Nordin G.P.,330
7005636820,Nordin G.P.,332
7005636820,Nordin G.P.,474
7005636820,Nordin G.P.,480
7005636820,Nordin G.P.,533
7005636820,Nordin G.P.,555
7005636820,Nordin G.P.,688
57202910818,Knighton B.E.,45
57202910818,Knighton B.E.,168
57202910818,Knighton B.E.,169
55213245300,Nielson M.,45
55213245300,Nielson M.,168
55213245300,Nielson M.,169
57211642778,Hardy R.T.,45
57211642778,Hardy R.T.,168
57211642778,Hardy R.T.,169
57196372172,Alejandro A.,45
57196372172,Alejandro A.,168
57196372172,Alejandro A.,169
57208225620,Rawlings L.,45
57208225620,Rawlings L.,168
57208225620,Rawlings L.,169
57209824884,Johnson J.A.,45
57209824884,Johnson J.A.,168
57209824884,Johnson J.A.,169
57209824884,Johnson J.A.,365
57209824884,Johnson J.A.,387
6701646284,Peatross J.,46
6701646284,Peatross J.,296
6701646284,Peatross J.,301
6701646284,Peatross J.,587
57216751001,Atkinson N.,46
57216751001,Atkinson N.,296
57216748895,Hodge D.,46
57216748895,Hodge D.,296
36913263000,Pratt B.,46
36913263000,Pratt B.,296
57217283178,Romero M.,46
57217283178,Romero M.,296
57216749286,Schulzke C.,46
57216749286,Schulzke C.,296
7005357023,Ware M.,46
7005357023,Ware M.,296
57192943554,Ottosson H.J.,47
57192943554,Ottosson H.J.,325
57192943554,Ottosson H.J.,813
56709287700,Hamilton E.S.,48
56709287700,Hamilton E.S.,63
56709287700,Hamilton E.S.,174
56709287700,Hamilton E.S.,350
56709287700,Hamilton E.S.,519
56709287700,Hamilton E.S.,604
56709287700,Hamilton E.S.,743
56709287700,Hamilton E.S.,833
7003772744,Crane N.B.,49
7003772744,Crane N.B.,75
7003772744,Crane N.B.,112
7003772744,Crane N.B.,166
7003772744,Crane N.B.,182
7003772744,Crane N.B.,226
7003772744,Crane N.B.,229
7003772744,Crane N.B.,251
7003772744,Crane N.B.,336
7003772744,Crane N.B.,386
7003772744,Crane N.B.,427
57195970826,Aryal B.R.,50
57203943386,Ranasinghe D.R.,50
57193834529,Westover T.R.,50
57203942414,Calvopiña D.G.,50
7410190129,Davis R.C.,50
7410190129,Davis R.C.,80
7410190129,Davis R.C.,363
7410190129,Davis R.C.,509
7410190129,Davis R.C.,719
7007046711,Harb J.N.,50
7007046711,Harb J.N.,69
7007046711,Harb J.N.,509
7007046711,Harb J.N.,719
7006111578,Woolley A.T.,50
7006111578,Woolley A.T.,173
7006111578,Woolley A.T.,266
7006111578,Woolley A.T.,330
7006111578,Woolley A.T.,332
7006111578,Woolley A.T.,480
7006111578,Woolley A.T.,533
7006111578,Woolley A.T.,555
7006111578,Woolley A.T.,688
56371366400,Fujimoto M.S.,51
56371366400,Fujimoto M.S.,457
56371366400,Fujimoto M.S.,718
56371366400,Fujimoto M.S.,721
56371366400,Fujimoto M.S.,722
57202818911,Lyman C.A.,51
57202818911,Lyman C.A.,167
57202818911,Lyman C.A.,256
57202818911,Lyman C.A.,457
57202818911,Lyman C.A.,718
57202818911,Lyman C.A.,721
57202818911,Lyman C.A.,722
7102523474,Clement M.J.,51
7102523474,Clement M.J.,167
7102523474,Clement M.J.,256
7102523474,Clement M.J.,457
7102523474,Clement M.J.,718
7102523474,Clement M.J.,721
7102523474,Clement M.J.,722
7003927879,Bunimovich L.,52
57217245563,Passey D.J.,52
57198519795,Smith D.,52
55100119300,Webb B.,52
39861044100,Borden M.J.,53
39861044100,Borden M.J.,493
39861044100,Borden M.J.,512
36708895400,Thomas D.C.,53
36708895400,Thomas D.C.,493
36708895400,Thomas D.C.,512
57210419894,Yu M.,54
57210419894,Yu M.,184
14059209700,Zhang D.,54
14059209700,Zhang D.,184
14059209700,Zhang D.,237
14059209700,Zhang D.,502
7406665619,Lee D.-J.,54
7406665619,Lee D.-J.,72
7406665619,Lee D.-J.,73
7406665619,Lee D.-J.,150
7406665619,Lee D.-J.,171
7406665619,Lee D.-J.,178
7406665619,Lee D.-J.,184
7406665619,Lee D.-J.,217
7406665619,Lee D.-J.,233
7406665619,Lee D.-J.,237
7406665619,Lee D.-J.,652
7406665619,Lee D.-J.,836
7201793184,Desai A.,54
7201793184,Desai A.,184
7201793184,Desai A.,836
56692412900,Gunnarsson A.,55
56692412900,Gunnarsson A.,87
57211105311,Andersson K.,55
57211105311,Andersson K.,87
7202518970,Adams B.R.,55
7202518970,Adams B.R.,87
7202518970,Adams B.R.,299
7202518970,Adams B.R.,329
7202518970,Adams B.R.,420
7202518970,Adams B.R.,805
7202518970,Adams B.R.,807
7202518970,Adams B.R.,808
7202518970,Adams B.R.,814
12445742400,Fredriksson C.,55
12445742400,Fredriksson C.,87
57218836048,Peters W.,56
57194504247,Jones T.,56
7202040335,Efimov A.,56
14631026900,Pedersoli E.,56
55159798000,Foglia L.,56
54941111500,Mincigrucci R.,56
55258876800,Nikolov I.,56
7006038251,Trebino R.,56
20735824800,Sandberg R.,56
20735824800,Sandberg R.,110
55846910700,Danailov M.,56
6602657620,Capotondi F.,56
14033765300,Bencivenga F.,56
13005462200,Bowlan P.,56
55770396700,Frazer D.,57
23099630500,Hosemann P.,57
57215680724,Warr C.,58
57205652801,Valdoz J.C.,58
57195427378,Bickham B.P.,58
57195427378,Bickham B.P.,688
57215684781,Knight C.J.,58
57215687139,Franks N.A.,58
57215697686,Chartrand N.,58
56251876800,Van Ry P.M.,58
7202687601,Christensen K.A.,58
56514586700,Cook A.D.,58
56514586700,Cook A.D.,410
56514586700,Cook A.D.,443
56514586700,Cook A.D.,799
57197765353,Stevenson P.D.,60
57197765353,Stevenson P.D.,262
57197765353,Stevenson P.D.,297
57197765353,Stevenson P.D.,522
57197765353,Stevenson P.D.,581
57197765353,Stevenson P.D.,867
57188681207,Hyatt P.,61
57188681207,Hyatt P.,270
36349287300,Killpack M.D.,61
36349287300,Killpack M.D.,102
36349287300,Killpack M.D.,270
36349287300,Killpack M.D.,368
36349287300,Killpack M.D.,517
36349287300,Killpack M.D.,712
36349287300,Killpack M.D.,713
36349287300,Killpack M.D.,714
57189235340,Keller A.,62
57189235340,Keller A.,101
57189235340,Keller A.,113
57189235340,Keller A.,195
57189235340,Keller A.,267
57189235340,Keller A.,362
57189235340,Keller A.,584
57189235340,Keller A.,818
55547123342,Anderson J.,62
25639041400,Wen S.-J.,62
25639041400,Wen S.-J.,715
55967471000,Fung R.,62
57218221803,Chambers C.,62
56387524600,Ganjalizadeh V.,63
56387524600,Ganjalizadeh V.,174
56387524600,Ganjalizadeh V.,235
56387524600,Ganjalizadeh V.,347
56387524600,Ganjalizadeh V.,458
56387524600,Ganjalizadeh V.,499
56387524600,Ganjalizadeh V.,603
56387524600,Ganjalizadeh V.,701
57202735625,Wright J.G.,63
57202735625,Wright J.G.,174
57202735625,Wright J.G.,604
7003381644,Warnick K.F.,64
7003381644,Warnick K.F.,79
7003381644,Warnick K.F.,91
7003381644,Warnick K.F.,120
7003381644,Warnick K.F.,276
7003381644,Warnick K.F.,553
7003381644,Warnick K.F.,634
7003381644,Warnick K.F.,646
7003381644,Warnick K.F.,660
7003381644,Warnick K.F.,669
7003381644,Warnick K.F.,705
7003381644,Warnick K.F.,734
7003381644,Warnick K.F.,773
7003381644,Warnick K.F.,778
7003381644,Warnick K.F.,822
6701834327,Selvan K.T.,64
57202445593,Fistler M.,65
57202445593,Fistler M.,466
7004609408,Kerstein A.,65
7004609408,Kerstein A.,466
8660143800,Lignell D.O.,65
8660143800,Lignell D.O.,342
8660143800,Lignell D.O.,466
8660143800,Lignell D.O.,617
8660143800,Lignell D.O.,765
8660143800,Lignell D.O.,798
8660143800,Lignell D.O.,843
8660143800,Lignell D.O.,859
6506736843,Oevermann M.,65
6506736843,Oevermann M.,466
6506736843,Oevermann M.,859
6507359986,Shamsabadi A.,66
57214365851,Schwicht D.E.W.,66
57212088299,Dasmeh A.,66
7003663333,Rollins K.M.,66
7003663333,Rollins K.M.,349
7003663333,Rollins K.M.,590
7003663333,Rollins K.M.,605
7003663333,Rollins K.M.,606
7003663333,Rollins K.M.,607
7003663333,Rollins K.M.,608
7003663333,Rollins K.M.,628
7003663333,Rollins K.M.,629
7003663333,Rollins K.M.,649
7003663333,Rollins K.M.,733
7003663333,Rollins K.M.,837
7003663333,Rollins K.M.,862
6602889035,Taciroglu E.,66
57216181629,Manandhar K.,67
36245410800,Ren Y.,67
57191110417,Stasak D.,67
56622088300,Hou H.,67
57195921912,Kirsch D.,67
57215904613,Sarker S.,67
7402756644,Mehta A.,67
57217317667,Sardar S.,67
57195591421,Xiao M.,67
57217789464,Weaver J.L.,67
57216183270,León C.,67
57207901363,Hart G.,67
57207901363,Hart G.,78
57207901363,Hart G.,144
57207901363,Hart G.,244
57207901363,Hart G.,366
57207901363,Hart G.,439
57207901363,Hart G.,663
57207901363,Hart G.,704
57207901363,Hart G.,709
34873697600,Sunaoshi T.,67
56767836200,Lemmon J.P.,67
7102900497,Takeuchi I.,67
57196422740,Howell R.G.,68
7403518015,Jensen R.R.,68
36852156000,Petersen S.L.,68
16245238300,Larsen R.T.,68
57202776341,Bahari M.,69
57212879455,Malmberg M.A.,69
57212877661,Brown D.M.,69
57212877401,Hadi Nazari S.,69
35262249500,Lewis R.S.,69
35262249500,Lewis R.S.,317
35262249500,Lewis R.S.,486
35262249500,Lewis R.S.,728
35262249500,Lewis R.S.,729
7102405529,Watt G.D.,69
57212107391,Petrie A.,70
57212107391,Petrie A.,176
57216754583,Kinnison W.,70
8342785400,Layton K.,70
8342785400,Layton K.,277
57190228554,Taysom B.S.,71
57190228554,Taysom B.S.,84
57190228554,Taysom B.S.,326
57190228554,Taysom B.S.,681
7102879142,Sorensen C.D.,71
7102879142,Sorensen C.D.,84
7102879142,Sorensen C.D.,285
7102879142,Sorensen C.D.,326
7102879142,Sorensen C.D.,353
7102879142,Sorensen C.D.,354
7102879142,Sorensen C.D.,511
7102879142,Sorensen C.D.,569
7102879142,Sorensen C.D.,681
57211891331,Guo Z.,72
57211891331,Guo Z.,150
57199244740,Zhang M.,72
57199244740,Zhang M.,150
57204433875,Simons T.,72
57204433875,Simons T.,217
57204433875,Simons T.,233
57215212754,Fuller S.G.,73
57215211789,McCown A.S.,73
57214076898,Clayton M.F.,74
57198146081,Bilodeau R.A.,74
7006441571,Bowden A.E.,74
7006441571,Bowden A.E.,314
7006441571,Bowden A.E.,315
7006441571,Bowden A.E.,502
7006441571,Bowden A.E.,514
7006441571,Bowden A.E.,543
7006441571,Bowden A.E.,582
7006441571,Bowden A.E.,661
7006441571,Bowden A.E.,689
7006441571,Bowden A.E.,860
57191873151,Ziaee M.,75
57191873151,Ziaee M.,182
57191873151,Ziaee M.,226
57216430816,Mahmood A.,75
57216430816,Mahmood A.,226
55971908500,Jin M.,76
54415193700,Zhu B.,76
56489679500,Mo J.,76
55522618700,Yang Z.,76
55864283000,Zhang X.,76
57209110872,Wu R.,77
57206455220,Beutler J.,77
7103248108,Baxter L.L.,77
7103248108,Baxter L.L.,645
7103248108,Baxter L.L.,829
57191108291,Morgan W.S.,78
57191108291,Morgan W.S.,439
57191108291,Morgan W.S.,704
57212383793,Christensen J.E.,78
57212379321,Hamilton P.K.,78
57202904399,Jorgensen J.J.,78
57202904399,Jorgensen J.J.,439
7403279876,Campbell B.J.,78
6507391043,Forcade R.W.,78
6507391043,Forcade R.W.,704
57196261400,Kunzler J.W.,79
57196261400,Kunzler J.W.,660
57214229367,Bartschi J.M.,79
57214855898,Schnepf P.D.,80
57215031057,Davis A.,80
6701610428,Vanfleet R.,80
6701610428,Vanfleet R.,363
6701610428,Vanfleet R.,509
6701610428,Vanfleet R.,719
7403218372,Jensen B.D.,80
7403218372,Jensen B.D.,154
7403218372,Jensen B.D.,165
7403218372,Jensen B.D.,322
7403218372,Jensen B.D.,324
7403218372,Jensen B.D.,453
7403218372,Jensen B.D.,580
7403218372,Jensen B.D.,582
7403218372,Jensen B.D.,583
7403218372,Jensen B.D.,596
7403218372,Jensen B.D.,694
7403218372,Jensen B.D.,860
57200515115,Kurniawan C.,81
57194698845,Baird S.,81
57194698845,Baird S.,719
35409277700,Johnson O.K.,81
35409277700,Johnson O.K.,325
35409277700,Johnson O.K.,529
57193749678,Searle M.,82
57193749678,Searle M.,170
57193749678,Searle M.,409
57193749678,Searle M.,815
55457444300,Crockett J.,82
55457444300,Crockett J.,170
55457444300,Crockett J.,202
55457444300,Crockett J.,260
55457444300,Crockett J.,271
55457444300,Crockett J.,391
55457444300,Crockett J.,409
55457444300,Crockett J.,421
55457444300,Crockett J.,497
55457444300,Crockett J.,815
55457444300,Crockett J.,816
55457444300,Crockett J.,819
6701863708,Maynes D.,82
6701863708,Maynes D.,138
6701863708,Maynes D.,170
6701863708,Maynes D.,202
6701863708,Maynes D.,271
6701863708,Maynes D.,340
6701863708,Maynes D.,409
6701863708,Maynes D.,421
6701863708,Maynes D.,497
6701863708,Maynes D.,815
6701863708,Maynes D.,816
6701863708,Maynes D.,819
57201666213,Park J.L.,83
57201666213,Park J.L.,515
55694540600,Canizales K.A.,83
7003545107,Woodfield B.F.,83
7003545107,Woodfield B.F.,181
7003545107,Woodfield B.F.,383
13406135400,Stowers K.J.,83
13406135400,Stowers K.J.,448
13406135400,Stowers K.J.,515
57203017789,Smiley A.J.,85
6701609778,Plett G.L.,85
7005052477,Godfrey P.C.,88
8750608700,Allen G.N.,88
57214071214,Benson D.,88
57193518829,Hansen L.T.,89
7006583274,Wagoner R.H.,89
7006583274,Wagoner R.H.,208
7006583274,Wagoner R.H.,742
55359526600,Lim H.,89
55359526600,Lim H.,742
56911636200,Carroll J.D.,89
55272011900,Zhou G.,89
57203486012,Bong H.J.,89
57203486012,Bong H.J.,742
57202293242,Ogbeibu S.,90
57203024588,Emelifeonwu J.,90
57160053200,Senadjki A.,90
36006215900,Gaskin J.,90
55944615300,Kaivo-oja J.,90
57191995369,Chen K.,91
57195515828,Horne R.R.,92
57211443769,Rich J.T.,92
57211435896,Bradley M.W.,92
7005408810,Pitt W.G.,92
7005408810,Pitt W.G.,154
7005408810,Pitt W.G.,173
56685601500,Wnorowska U.,93
16549438300,Fiedoruk K.,93
56685789300,Piktel E.,93
57212757453,Prasad S.V.,93
57212871890,Sulik M.,93
57215487696,Janion M.,93
16548815300,Daniluk T.,93
7202875039,Savage P.B.,93
6701383359,Bucki R.,93
57191570988,Orme A.D.,94
57191570988,Orme A.D.,337
57191570988,Orme A.D.,876
57201357657,Soderquist D.R.,94
57201357657,Soderquist D.R.,337
57201357657,Soderquist D.R.,591
57201357657,Soderquist D.R.,593
57210289242,Greenwood J.R.,95
57210289242,Greenwood J.R.,137
57210289242,Greenwood J.R.,318
57192710054,Butler J.J.,95
57192710054,Butler J.J.,319
57192710054,Butler J.J.,321
57192710054,Butler J.J.,411
57192710054,Butler J.J.,454
57192710054,Butler J.J.,873
57219015425,Lystrup C.,96
55813139600,George A.,96
55813139600,George A.,141
55813139600,George A.,230
55813139600,George A.,313
55813139600,George A.,670
55813139600,George A.,786
57203836305,Zobell B.,96
57203836305,Zobell B.,786
57219009389,Boster K.,96
57219005376,Childs C.,96
57219006078,Girod H.,96
57218481091,Ploeg S.,97
57217024741,Gunther H.,97
57218482479,Camacho R.,97
34873482400,Skaggs P.,98
34873482400,Skaggs P.,690
6507317548,Fulda N.,99
6507317548,Fulda N.,109
54781821400,Stout J.M.,100
57215052018,Baumgarten T.E.,100
57215058041,Stagg G.G.,100
56957771800,Cannon M.J.,101
56957771800,Cannon M.J.,113
56957771800,Cannon M.J.,362
56957771800,Cannon M.J.,404
56957771800,Cannon M.J.,685
56957771800,Cannon M.J.,715
57204469757,Perez-Celis A.,101
57204469757,Perez-Celis A.,113
57204469757,Perez-Celis A.,114
57204469757,Perez-Celis A.,362
57204469757,Perez-Celis A.,404
57204469757,Perez-Celis A.,715
57204469757,Perez-Celis A.,716
57188691775,Best C.M.,102
57188691775,Best C.M.,712
57188173800,Rupert L.,102
57188173800,Rupert L.,270
57202579348,Ong J.,103
57214718289,Richards D.,103
57193706327,Larsen J.L.,104
57193706327,Larsen J.L.,258
57193715705,McElderry J.,104
57188833818,Pehrson N.A.,105
57188833818,Pehrson N.A.,107
57188833818,Pehrson N.A.,238
57188833818,Pehrson N.A.,246
57188833818,Pehrson N.A.,319
57188833818,Pehrson N.A.,392
57188833818,Pehrson N.A.,455
57188833818,Pehrson N.A.,578
57209881955,Ames D.C.,105
57209881955,Ames D.C.,107
57212345817,Ignaut B.,105
57212345817,Ignaut B.,380
57218689472,Broyles Z.,106
57218687826,Talbot S.,106
57218685971,Johnson J.,106
7006533953,Halverson D.M.,106
7006533953,Halverson D.M.,201
57209889565,Smith S.P.,107
56045493000,Arya M.,107
57217866402,Adamson M.,108
8244752200,Schultz G.G.,108
8244752200,Schultz G.G.,119
8244752200,Schultz G.G.,304
8244752200,Schultz G.G.,345
8244752200,Schultz G.G.,407
8244752200,Schultz G.G.,524
8244752200,Schultz G.G.,567
8244752200,Schultz G.G.,682
8244752200,Schultz G.G.,823
55727966500,Saito M.,108
55727966500,Saito M.,304
55727966500,Saito M.,345
55727966500,Saito M.,407
55727966500,Saito M.,567
55727966500,Saito M.,682
55727966500,Saito M.,823
57217871738,Stevens M.D.,108
57218270296,Pearce W.,109
57218269408,Landers N.,109
56215007300,Francom D.,110
50162863000,Walters D.J.,110
55422614200,Barber J.L.,110
6603288835,Luscher D.J.,110
13405030000,Lawrence E.,110
55904183100,Biswas A.,110
55279219900,Biwer C.M.,110
57211205845,Banesh D.,110
38662818500,Lazarz J.,110
57203219105,Vogel S.C.,110
14059027500,Ramos K.,110
6505524737,Bolme C.,110
7103004161,Ahrens J.,110
57202612841,Willey L.C.,111
57202612841,Willey L.C.,505
36499438800,Garcia E.,111
55860312700,Von Moll A.,111
57201618074,Trapuzzano M.,112
6506325894,Tejada-Martínez A.,112
8608764300,Guldiken R.,112
57204470823,Thurlow C.A.,113
57204470823,Thurlow C.A.,362
57211518929,Gregg J.F.,115
56036628100,Anderson B.E.,115
56036628100,Anderson B.E.,131
56036628100,Anderson B.E.,265
56036628100,Anderson B.E.,616
16033650300,Remillieux M.C.,115
16033650300,Remillieux M.C.,131
16033650300,Remillieux M.C.,265
16033650300,Remillieux M.C.,616
57195804520,Bilancia P.,116
24483038000,Berselli G.,116
57189375802,Park J.,117
57189375802,Park J.,356
57189375802,Park J.,828
57212455523,Price C.,117
6603286802,Pixton D.,117
57023931200,Aghito M.,117
57023931200,Aghito M.,852
24830555500,Nybø R.,117
24830555500,Nybø R.,852
6602776615,Bjørkevoll K.,117
6602776615,Bjørkevoll K.,852
56857577200,Leete K.M.,118
56857577200,Leete K.M.,372
56857577200,Leete K.M.,373
56857577200,Leete K.M.,620
56857577200,Leete K.M.,858
16643231700,Liu J.,118
16643231700,Liu J.,373
55359090100,Wall A.T.,118
55359090100,Wall A.T.,369
55359090100,Wall A.T.,372
55359090100,Wall A.T.,373
55359090100,Wall A.T.,619
55359090100,Wall A.T.,620
55359090100,Wall A.T.,621
55359090100,Wall A.T.,622
55359090100,Wall A.T.,854
55359090100,Wall A.T.,856
55359090100,Wall A.T.,858
57217872286,Galvez de Leon P.,119
57217867341,Shahandashti S.K.F.,119
36893877000,Chamberlin R.,119
57189218211,Liu L.,120
57189218211,Liu L.,276
48361087900,Diao J.,120
48361087900,Diao J.,276
48361087900,Diao J.,553
48361087900,Diao J.,660
48361087900,Diao J.,669
48361087900,Diao J.,773
7005241866,Eckhardt B.,121
7006815587,Doering C.R.,121
36154754400,Whitehead J.P.,121
36154754400,Whitehead J.P.,417
57193226888,Huang Z.,123
57216966389,Du X.,123
57208015963,Chen L.,123
57193230951,Li Y.,123
56584993700,Liu M.,123
55367023500,Chou Y.,123
55367023500,Chou Y.,237
7403329173,Jin L.,123
57204964732,James B.,124
57204964732,James B.,384
12544690900,Quinn H.,124
12544690900,Quinn H.,384
54978625300,Goeders J.,124
54978625300,Goeders J.,268
54978625300,Goeders J.,384
54978625300,Goeders J.,428
54978625300,Goeders J.,535
57201759181,Ling M.,125
57201759181,Ling M.,238
57201759181,Ling M.,442
57201759181,Ling M.,478
16548784600,Cao J.,125
16548784600,Cao J.,238
16548784600,Cao J.,442
16548784600,Cao J.,478
8922674200,Chen G.,125
8922674200,Chen G.,389
8922674200,Chen G.,412
8922674200,Chen G.,500
8922674200,Chen G.,847
55764938300,Wilson P.S.,126
6701550039,Knobles D.P.,126
6506328689,Neilsen T.B.,126
6506328689,Neilsen T.B.,369
6506328689,Neilsen T.B.,619
6506328689,Neilsen T.B.,620
6506328689,Neilsen T.B.,621
6506328689,Neilsen T.B.,622
6506328689,Neilsen T.B.,635
6506328689,Neilsen T.B.,854
6506328689,Neilsen T.B.,855
6506328689,Neilsen T.B.,856
6506328689,Neilsen T.B.,857
6506328689,Neilsen T.B.,858
57201947722,Manring L.,127
57209567638,Pederson J.,127
57209581042,Potts D.,127
55845968200,Boardman B.,127
14831622300,Mascarenas D.,127
14831622300,Mascarenas D.,128
12646372900,Harden T.,127
55788214400,Cattaneo A.,127
55788214400,Cattaneo A.,128
57219330558,Samuelson C.R.,128
57219332168,Duffy-Deno C.A.,128
57219327922,Whitworth C.B.,128
55220932600,Tippmann J.D.,128
56263319900,Qu Y.,129
55436436900,Shu W.,129
57218480110,Qiu L.,129
7004688501,Kuan Y.,129
7004688501,Kuan Y.,176
7601550121,Chang J.S.,129
57201735120,Bopp D.G.,130
57216287696,Taylor E.,130
57216287324,Le K.,130
6506462706,Schima S.,130
8357777200,Hummon M.T.,130
7004945584,Kitching J.,130
9741060000,Kaoumi D.,131
12143690400,Ohara Y.,131
57208015244,Stuber Geesey M.A.,131
57052262900,Xi L.,131
57204944822,Schoell R.,131
7102369425,Bryan C.R.,131
6603460787,Enos D.G.,131
6603089864,Summa D.A.,131
12761902000,Ulrich T.J.,131
12761902000,Ulrich T.J.,616
9279493200,Shayer Z.,131
57194034271,Cabas A.,132
53866135200,Beyzaei C.,132
55315026400,Franke K.,132
55315026400,Franke K.,164
55315026400,Franke K.,185
55315026400,Franke K.,210
55315026400,Franke K.,211
55315026400,Franke K.,228
55315026400,Franke K.,361
55315026400,Franke K.,393
55315026400,Franke K.,609
55315026400,Franke K.,666
55315026400,Franke K.,832
55315026400,Franke K.,871
57216076371,Koehler R.,132
56818839700,Pierce I.,132
23570183200,Stuedlein A.,132
57215823167,Yang Z.,132
57216048774,Christie S.,132
7202049689,Tucker A.L.,133
57207774891,Zheng S.,133
7006410098,Bohn R.E.,133
56206655300,Sacchi C.,134
55368982000,Schlegel C.,134
56078804700,Rossi T.,134
57216040137,Noble M.,134
7102391180,Ruggieri M.,134
7402406630,Cheung K.-M.,134
7004398165,Marchese M.,134
6701655006,Granelli F.,134
35103143500,Popescu V.,134
57216037206,Rice M.,134
7801550098,Murroni M.,134
14832404400,Conci N.,134
55559344500,Allen M.,135
6701910642,Shahgholian H.,135
56221719300,Hunt J.P.,136
57210161259,Zhao E.L.,136
57203181568,Soltani M.,136
57203181568,Soltani M.,429
57212304730,Frei M.,136
55458271500,Nelson J.A.D.,136
55458271500,Nelson J.A.D.,429
56266132600,Bundy B.C.,136
56266132600,Bundy B.C.,231
56266132600,Bundy B.C.,429
56266132600,Bundy B.C.,438
56266132600,Bundy B.C.,443
56266132600,Bundy B.C.,534
57209399454,Fanning D.T.,138
9245406100,Oliphant K.,138
9245406100,Oliphant K.,340
57194053456,Goates C.B.,139
56968013300,Calton M.F.,139
6701723921,Copley D.C.,139
57202910211,Smith R.,140
57196421757,Rosen J.,140
24402340500,Ventura D.,140
24402340500,Ventura D.,824
55645613600,Sisodia S.M.,141
55546296200,Bull D.J.,141
6603579157,Gamstedt E.K.,141
28167695400,Mavrogordato M.N.,141
57212950333,Spearing S.M.,141
55945437600,Taus M.,142
7004277402,Rodin G.J.,142
55911870000,Hughes T.J.R.,142
55911870000,Hughes T.J.R.,739
57215811083,Searle H.,143
17434035200,Gomes M.A.C.,143
17434035200,Gomes M.A.C.,186
17434035200,Gomes M.A.C.,240
17434035200,Gomes M.A.C.,241
17434035200,Gomes M.A.C.,253
17434035200,Gomes M.A.C.,469
24726409500,Vilela J.P.,143
24726409500,Vilela J.P.,186
24726409500,Vilela J.P.,240
24726409500,Vilela J.P.,241
24726409500,Vilela J.P.,253
24726409500,Vilela J.P.,469
57191862517,Nyshadham C.,144
57191862517,Nyshadham C.,278
23091904000,Rupp M.,144
57208341600,Bekker B.,144
53878508900,Shapeev A.V.,144
53878508900,Shapeev A.V.,366
56363360200,Mueller T.,144
56148594700,Rosenbrock C.W.,144
56148594700,Rosenbrock C.W.,663
6602577617,Csányi G.,144
6602577617,Csányi G.,663
36176552000,Wingate D.W.,144
36176552000,Wingate D.W.,657
57189244450,Kamminga J.W.,145
57211332837,Jones M.,145
8231832400,Seppi K.,145
8231832400,Seppi K.,697
57192300416,Meratnia N.,145
6701454416,Havinga P.J.M.,145
57202064143,Johnston J.D.,147
57202064143,Johnston J.D.,693
57204597171,Cowger A.E.,147
57192662939,Graul R.J.,147
57192662939,Graul R.J.,693
57210982957,Nash R.,147
57204035623,Tueller J.A.,147
57196952707,Hendrickson N.R.,147
57196950804,Robinson D.R.,147
57213874106,Beard J.D.,147
7402658393,Weber K.S.,147
7402658393,Weber K.S.,693
56680952700,Josephson C.,149
56680952700,Josephson C.,434
56680952700,Josephson C.,802
56680952700,Josephson C.,841
7003498769,Perrins E.,149
7003498769,Perrins E.,614
7003498769,Perrins E.,841
7003498769,Perrins E.,877
55588035200,Ruoti S.,151
55588035200,Ruoti S.,247
55588035200,Ruoti S.,348
55588035200,Ruoti S.,351
55588035200,Ruoti S.,352
55588035200,Ruoti S.,470
55588035200,Ruoti S.,674
55588035200,Ruoti S.,787
6601908155,Seamons K.,151
6601908155,Seamons K.,220
6601908155,Seamons K.,247
6601908155,Seamons K.,300
6601908155,Seamons K.,303
6601908155,Seamons K.,305
6601908155,Seamons K.,344
6601908155,Seamons K.,348
6601908155,Seamons K.,351
6601908155,Seamons K.,352
6601908155,Seamons K.,470
6601908155,Seamons K.,554
6601908155,Seamons K.,674
6601908155,Seamons K.,787
56102505100,Paré P.E.,152
57191620725,Grimsman D.,152
56819566000,Wilson A.T.,152
16178649400,Warnick S.,152
16178649400,Warnick S.,193
16178649400,Warnick S.,272
16178649400,Warnick S.,279
16178649400,Warnick S.,280
16178649400,Warnick S.,539
16178649400,Warnick S.,540
16178649400,Warnick S.,541
16178649400,Warnick S.,630
16178649400,Warnick S.,637
16178649400,Warnick S.,677
16178649400,Warnick S.,723
16178649400,Warnick S.,872
16178649400,Warnick S.,879
35729129900,Miao X.,153
35729129900,Miao X.,171
35729129900,Miao X.,179
53866006800,Chu H.,153
56126031600,Liu H.,153
36538565900,Yang Y.,153
57210585829,Li X.,153
57210585829,Li X.,179
57203978933,Sargent B.,154
57203978933,Sargent B.,453
57203978933,Sargent B.,580
57212415946,Brown N.,154
57212415946,Brown N.,380
57205129154,Pires dos Santos R.,155
7402370024,Dean D.L.,155
57203310052,Weaver J.M.,155
57203310052,Weaver J.M.,257
57203310052,Weaver J.M.,485
57193627694,Ashcraft C.C.,156
35175200200,Shaikh M.T.,157
35175200200,Shaikh M.T.,588
35175200200,Shaikh M.T.,759
6602198438,Ogles B.,158
55948963100,Aldous P.,158
7005411524,Mercer E.,158
7005411524,Mercer E.,564
36459611200,Bingham E.,159
36459611200,Bingham E.,498
36459611200,Bingham E.,764
7402074463,Edward Gibson G.,159
7402074463,Edward Gibson G.,498
7402074463,Edward Gibson G.,764
34868168700,El Asmar M.,159
34868168700,El Asmar M.,498
57126129700,Hogstrom C.,160
57126129700,Hogstrom C.,801
57126129700,Hogstrom C.,877
57218886153,Stankovic A.M.,161
57218886153,Stankovic A.M.,284
57218886153,Stankovic A.M.,405
57205617484,Francis B.L.,162
57205617484,Francis B.L.,284
57205617484,Francis B.L.,310
57205617484,Francis B.L.,402
57215432728,Nuttall J.R.,162
56677251600,Nelson T.G.,163
56677251600,Nelson T.G.,201
56677251600,Nelson T.G.,382
56677251600,Nelson T.G.,456
56677251600,Nelson T.G.,467
56677251600,Nelson T.G.,492
56677251600,Nelson T.G.,756
56677251600,Nelson T.G.,848
57208598187,Avila A.,163
57208598187,Avila A.,283
57208598187,Avila A.,318
57208598187,Avila A.,321
7004307869,Herder J.L.,163
7004307869,Herder J.L.,467
57205257595,Machekposhti D.F.,163
36503632200,Candia G.,164
16481299700,Mayoral J.M.,164
16481299700,Mayoral J.M.,185
16481299700,Mayoral J.M.,228
56331558100,Wood C.M.,164
56331558100,Wood C.M.,228
47962305800,Montgomery J.,164
7101640734,Hutchinson T.,164
7101640734,Hutchinson T.,185
7101640734,Hutchinson T.,228
7101640734,Hutchinson T.,393
55916448500,Morales-Velez A.C.,164
57200363612,Fagergren F.,165
57200363612,Fagergren F.,542
57212151348,Sypherd S.,165
57212147414,Snow D.,165
57212136375,Cunningham A.,165
57212136375,Cunningham A.,324
57200529047,Neff C.,166
57200529047,Neff C.,229
57200529047,Neff C.,386
56112492400,Nussbaum J.,166
56112492400,Nussbaum J.,229
57215653879,Gardiner C.,166
18937960700,Zunino J.L.,166
57216187696,Newton M.,166
25627506700,Craddock T.J.A.,167
57210477807,Fletcher M.,167
7005345401,Klimas N.G.,167
7005976828,Broderick G.,167
57192067288,Johnson C.L.,168
57202855772,Moss C.D.,168
57212089454,Amin M.N.,172
57202116348,Hamblin M.,172
57202116348,Hamblin M.,359
57202116348,Hamblin M.,519
56709476900,Meena G.G.,172
56709476900,Meena G.G.,173
56709476900,Meena G.G.,235
56709476900,Meena G.G.,239
56709476900,Meena G.G.,347
56709476900,Meena G.G.,377
56709476900,Meena G.G.,406
56709476900,Meena G.G.,458
56709476900,Meena G.G.,701
56709476900,Meena G.G.,780
57205025235,Brown O.,173
57202256915,Hanson R.,173
57193755486,Wood R.L.,173
57002749600,Robison R.,173
57002749600,Robison R.,780
57208584595,Roundtree K.A.,175
35546747200,Adams J.A.,175
35546747200,Adams J.A.,531
57003496300,Swindlehurst E.,176
57003496300,Swindlehurst E.,277
57003496300,Swindlehurst E.,671
57212110613,Jensen H.,176
57216244800,Chang M.-C.F.,176
7409253428,Wu J.-T.,176
57144864700,Chen Y.-F.,178
57194205673,Lin C.-S.,178
57194205673,Lin C.-S.,652
35078644900,Hong C.-F.,178
57204475222,Sun C.,178
8208317300,Lin H.-H.,178
8208317300,Lin H.-H.,652
55797091700,Zhao W.,179
57204783601,Yang X.,179
57192945685,Hu R.,180
56939117000,Liu C.,180
56585491000,Xuan J.,180
16308483700,Xu Y.,180
57200214703,Li T.,180
35311157900,Liu B.-F.,180
55972769000,Li Y.,180
36483856300,Yang Y.,180
57194027885,Zhang Y.,181
55345299700,Huang B.,181
56110251000,Mardkhe M.K.,181
57208682307,Corie T.H.,183
57201589125,Raven L.A.,184
24779209500,Fernandes T.,186
56012631600,Wang T.,187
56487893500,Sidhar H.,187
7402648240,Mishra R.S.,187
7402648240,Mishra R.S.,395
57200884469,Upadhyay P.,187
57200884469,Upadhyay P.,395
57200884469,Upadhyay P.,632
57200884469,Upadhyay P.,633
57200884469,Upadhyay P.,740
57200884469,Upadhyay P.,865
57200884469,Upadhyay P.,866
57200884469,Upadhyay P.,878
57203221999,Carlson B.,187
57203221999,Carlson B.,611
57203221999,Carlson B.,740
57203221999,Carlson B.,878
6603570606,Shoemaker G.,188
6603570606,Shoemaker G.,640
57203028829,Schultz S.,188
57203028829,Schultz S.,508
57203028829,Schultz S.,640
57203028829,Schultz S.,673
57203028829,Schultz S.,700
57203028829,Schultz S.,730
57203028829,Schultz S.,734
56824897200,Nielsen J.,190
56824897200,Nielsen J.,215
56824897200,Nielsen J.,788
57210916608,Wynn J.S.,191
57210916608,Wynn J.S.,216
57210911049,Bidstrup C.C.,192
57210911049,Bidstrup C.C.,215
57207008616,Moore J.J.,192
56315330500,Woodbury N.,193
56315330500,Woodbury N.,280
56315330500,Woodbury N.,539
56315330500,Woodbury N.,677
55858031100,Wood A.E.,194
55858031100,Wood A.E.,737
57211493546,Wilson A.E.,196
57205881788,Baker M.J.,197
57205881788,Baker M.J.,222
57214032187,Baker W.H.,197
57208524360,Hanks K.N.,198
26634229600,Richards P.W.,198
26634229600,Richards P.W.,424
26634229600,Richards P.W.,431
7005934389,Randall G.C.,199
57208823236,Hansen K.R.,199
57208823236,Hansen K.R.,441
57208823236,Hansen K.R.,751
57208823236,Hansen K.R.,752
57190605478,Jackson B.,199
35508257500,Long D.G.,200
35508257500,Long D.G.,218
35508257500,Long D.G.,219
35508257500,Long D.G.,396
35508257500,Long D.G.,573
35508257500,Long D.G.,586
35508257500,Long D.G.,624
35508257500,Long D.G.,761
35508257500,Long D.G.,794
8321530600,Brodzik M.J.,200
7005709969,Hardman M.A.,200
57208255032,Badger J.C.,201
15848771600,Lang R.J.,201
15848771600,Lang R.J.,283
15848771600,Lang R.J.,380
15848771600,Lang R.J.,382
15848771600,Lang R.J.,411
15848771600,Lang R.J.,456
15848771600,Lang R.J.,521
15848771600,Lang R.J.,594
15848771600,Lang R.J.,595
15848771600,Lang R.J.,756
15848771600,Lang R.J.,848
15848771600,Lang R.J.,849
57199980412,Guo C.,202
55475654800,Zhao D.,202
43961414900,Ridge S.T.,203
9041055700,Remund K.,204
57191156976,Hammond A.M.,205
57191156976,Hammond A.M.,423
57191156976,Hammond A.M.,558
57191156976,Hammond A.M.,734
57209978209,Potokar E.,205
57118455800,Liu F.C.,206
57118455800,Liu F.C.,252
57118455800,Liu F.C.,496
57118455800,Liu F.C.,544
57118455800,Liu F.C.,569
57118455800,Liu F.C.,570
57118455800,Liu F.C.,772
7401431037,Nelson T.W.,206
7401431037,Nelson T.W.,252
7401431037,Nelson T.W.,261
7401431037,Nelson T.W.,496
7401431037,Nelson T.W.,511
7401431037,Nelson T.W.,544
7401431037,Nelson T.W.,569
7401431037,Nelson T.W.,570
7401431037,Nelson T.W.,772
24401574900,McCracken S.L.,206
57201432287,Li X.,207
7003498548,Sederberg T.W.,207
57207334294,Adams D.W.,208
57207334294,Adams D.W.,227
26641352100,Saftner D.A.,209
23569552400,Farnsworth C.B.,209
23569552400,Farnsworth C.B.,549
23569552400,Farnsworth C.B.,679
23569552400,Farnsworth C.B.,720
23569552400,Farnsworth C.B.,726
23569552400,Farnsworth C.B.,731
36769181100,Retherford J.,209
56976354400,Okeson T.J.,210
57209659294,Barrett B.J.,210
57209655847,Arce S.,210
57204570329,Vernon C.A.,210
57210191104,Derricott J.,211
57214009254,Peterson C.,211
57217482839,Allen B.C.,212
57217482839,Allen B.C.,702
57209640119,Ellingson J.,213
57209640119,Ellingson J.,291
57210919648,Jain P.,214
57210912098,Farrell M.,215
57206968876,Jackson J.,215
57206968876,Jackson J.,254
57206968876,Jackson J.,465
57205198823,Hutchings N.,218
57210927548,Dutson J.,220
57210927548,Dutson J.,300
57210928665,Allen D.,220
6602572190,Eggett D.,220
6602572190,Eggett D.,245
6602572190,Eggett D.,407
6602572190,Eggett D.,682
57210914089,Akagi J.,221
57203981655,Moon B.,221
57203981655,Moon B.,452
57210920448,Chen X.,221
57202433366,Robles V.D.,222
56724258600,Khajah T.,223
7801676127,Villamizar V.,223
57194391871,Blackburn L.,224
57189491950,Young A.,224
57205348362,Rogers P.,224
51461952600,Powell K.,224
51461952600,Powell K.,430
51461952600,Powell K.,838
57216491948,Hershman R.,226
57191587072,Chelladurai I.,227
57191587072,Chelladurai I.,750
57191587072,Chelladurai I.,876
24295291100,Miles M.P.,227
24295291100,Miles M.P.,252
24295291100,Miles M.P.,257
24295291100,Miles M.P.,444
24295291100,Miles M.P.,569
24295291100,Miles M.P.,570
24295291100,Miles M.P.,708
24295291100,Miles M.P.,750
24295291100,Miles M.P.,766
24295291100,Miles M.P.,876
23052031200,Niezgoda S.,227
7004495126,Beyerlein I.J.,227
7004495126,Beyerlein I.J.,750
7004495126,Beyerlein I.J.,876
12778890800,Knezevic M.,227
12778890800,Knezevic M.,750
12778890800,Knezevic M.,876
57194703295,Asimaki D.,228
57194703295,Asimaki D.,393
57144565100,Tepalcapa S.,228
57189458176,Roman-de la Sancha A.,228
24080990600,Montalva G.,228
56323465700,Rojas-Nastrucci E.A.,229
57209274795,Griffin D.,229
7102483892,Weller T.M.,229
57200208018,May D.,230
36701008900,Aktas A.,230
7201687754,Advani S.G.,230
7202401225,Berg D.C.,230
12805837100,Endruweit A.,230
56257805000,Fauster E.,230
7005067917,Lomov S.V.,230
7202417224,Long A.,230
55927295500,Mitschang P.,230
6508257901,Abaimov S.,230
55931847400,Abliz D.,230
7004092560,Akhatov I.,230
56955794500,Ali M.A.,230
55778257800,Allen T.D.,230
6701664914,Bickerton S.,230
24504209800,Bodaghi M.,230
55247112800,Caglar B.,230
57207841000,Caglar H.,230
12780700500,Chiminelli A.,230
7006236094,Correia N.,230
16303239800,Cosson B.,230
55315191100,Danzi M.,230
57194063754,Dittmann J.,230
6701501207,Ermanni P.,230
24072733200,Francucci G.,230
57192140261,Grishaev V.,230
57207843958,Hancioglu M.,230
57207841443,Kabachi M.A.,230
57207846799,Kind K.,230
56473665600,Deléglise-Lagardère M.,230
23977815400,Laspalas M.,230
56308354900,Lebedev O.V.,230
36859700200,Lizaranzu M.,230
26221155700,Liotier P.-J.,230
24385613600,Middendorf P.,230
15081415200,Morán J.,230
7408416878,Park C.-H.,230
11042527300,Pipes R.B.,230
56185388600,Pucci M.F.,230
57207844500,Raynal J.,230
57189577432,Rodriguez E.S.,230
6602943081,Schledjewski R.,230
57207842677,Schubnel R.,230
39062078800,Sharp N.,230
7101608513,Sims G.,230
6602499334,Sozer E.M.,230
57202152216,Sousa P.,230
57213372150,Thomas J.,230
8555191500,Umer R.,230
57195579636,Wijaya W.,230
57207842193,Willenbacher B.,230
57203836326,Yong A.,230
55639502500,Zaremba S.,230
6602168494,Ziegmann G.,230
57209284973,Saleh A.M.,231
56221901100,Wilding K.M.,231
56221901100,Wilding K.M.,438
56221901100,Wilding K.M.,534
6507753128,Calve S.,231
6504734319,Kinzer-Ursem T.L.,231
24759275600,McDonald J.K.,234
57207312334,Michela E.,234
56709364700,Stott M.A.,235
56709364700,Stott M.A.,347
56709364700,Stott M.A.,458
56709364700,Stott M.A.,499
56709364700,Stott M.A.,603
56709364700,Stott M.A.,604
56709364700,Stott M.A.,744
56709364700,Stott M.A.,780
56709364700,Stott M.A.,781
56709364700,Stott M.A.,834
56709364700,Stott M.A.,835
57192981384,Davis H.C.,236
57190258899,Luc-Harkey B.A.,236
24333330300,Seeley M.K.,236
24333330300,Seeley M.K.,514
24333330300,Seeley M.K.,543
24333330300,Seeley M.K.,661
24333330300,Seeley M.K.,689
57189382200,Troy Blackburn J.,236
57203250533,Pietrosimone B.,236
57203957449,Teng J.,237
55247719300,Jain A.,239
55247719300,Jain A.,377
55247719300,Jain A.,406
55247719300,Jain A.,834
56871132500,Stambaugh A.,239
56871132500,Stambaugh A.,377
56871132500,Stambaugh A.,406
7402407628,Patterson J.L.,239
7402407628,Patterson J.L.,377
7402407628,Patterson J.L.,406
7402407628,Patterson J.L.,744
57210286057,Dryer Z.,240
57210287346,Nickerl A.,240
57210288854,Carreira M.,241
57214559823,Monteiro T.,241
6602749964,Gibby W.,242
57205512220,Parish W.,242
7102985794,Merrill R.M.,242
7102985794,Merrill R.M.,693
9739395200,Fernandez D.,242
57202736299,Anderson C.R.,242
57205515588,Merchel E.,242
57205514839,Parr R.,242
57194392244,Hicks D.,244
57194392244,Hicks D.,709
7006214218,Mehl M.J.,244
7006214218,Mehl M.J.,709
57194503011,Gossett E.,244
9845705900,Toher C.,244
9845705900,Toher C.,709
7004929818,Levy O.,244
7004929818,Levy O.,709
57194379165,Hanson R.M.,244
57194379165,Hanson R.M.,709
6603325558,Curtarolo S.,244
6603325558,Curtarolo S.,709
57191586637,Chatterjee S.,245
57208184650,Chapman S.C.,245
57189294915,Major G.H.,245
6701755273,Lunt B.M.,245
6701755273,Lunt B.M.,481
6701755273,Lunt B.M.,491
6701755273,Lunt B.M.,725
55200909800,Harrison C.R.,245
7004234161,Linford M.R.,245
7004234161,Linford M.R.,331
7004234161,Linford M.R.,425
56330970800,Defigueiredo B.P.,246
56330970800,Defigueiredo B.P.,408
56330970800,Defigueiredo B.P.,578
56330970800,Defigueiredo B.P.,810
57190247942,Tolman K.A.,246
57190247942,Tolman K.A.,578
57190247942,Tolman K.A.,594
57190247942,Tolman K.A.,595
57190247942,Tolman K.A.,811
57190247942,Tolman K.A.,849
57197791798,Crampton E.,246
57197791798,Crampton E.,578
57197791798,Crampton E.,579
57197791798,Crampton E.,594
57197791798,Crampton E.,595
57197791798,Crampton E.,809
57191995887,Andersen J.,247
57191995887,Andersen J.,348
57203240784,Dickinson L.,247
57203240784,Dickinson L.,470
57203240784,Dickinson L.,554
57203240784,Dickinson L.,787
57193574682,Heidbrink S.,247
57193574682,Heidbrink S.,303
57193574682,Heidbrink S.,554
57193574682,Heidbrink S.,787
57208784903,Monson T.,247
57208784903,Monson T.,348
57208784903,Monson T.,352
56417117600,O'Neill M.,247
56417117600,O'Neill M.,303
56417117600,O'Neill M.,305
56417117600,O'Neill M.,351
56417117600,O'Neill M.,554
57203245208,Reese K.,247
57203245208,Reese K.,300
57203245208,Reese K.,470
57208771517,Spendlove B.,247
35621274900,Vaziripour E.,247
35621274900,Vaziripour E.,303
35621274900,Vaziripour E.,305
35621274900,Vaziripour E.,344
55681652500,Wu J.,247
55681652500,Wu J.,303
55681652500,Wu J.,305
55681652500,Wu J.,306
55681652500,Wu J.,344
55681652500,Wu J.,352
7003445799,Zappala D.,247
7003445799,Zappala D.,303
7003445799,Zappala D.,305
7003445799,Zappala D.,306
7003445799,Zappala D.,344
7003445799,Zappala D.,348
7003445799,Zappala D.,351
7003445799,Zappala D.,352
7003445799,Zappala D.,554
7003445799,Zappala D.,674
7003445799,Zappala D.,787
55855376400,Nysetvold T.B.,248
55855376400,Nysetvold T.B.,566
55855376400,Nysetvold T.B.,741
57126390100,Gagakuma E.,249
57214523209,Thomas M.,250
57205509268,Fronk Z.,250
57208845618,Gross A.,250
57205502574,Willmore D.,250
57205849200,Arango A.,250
57205504743,Higham C.,250
57207222602,Nguyen V.,250
57205501457,Lim H.,250
57205504946,Kale V.,250
57205502490,McMillan G.,250
7004339080,Seegmiller R.E.,250
57200375892,Pierce J.,251
57193720916,Gunter C.,252
57193720916,Gunter C.,570
6701421652,Fourment L.,252
57205270902,Mathis T.,252
57209887692,Pinto T.,253
57205763350,Forsgren B.,254
57205763350,Forsgren B.,360
7004435321,Fonseca F.S.,255
7004435321,Fonseca F.S.,339
7004435321,Fonseca F.S.,370
7004435321,Fonseca F.S.,375
7004435321,Fonseca F.S.,388
7004435321,Fonseca F.S.,501
7004435321,Fonseca F.S.,597
7004435321,Fonseca F.S.,598
7004435321,Fonseca F.S.,639
7004435321,Fonseca F.S.,769
56781290700,Fortes E.S.,255
56781290700,Fortes E.S.,501
36055605700,Parsekian G.A.,255
36055605700,Parsekian G.A.,339
36055605700,Parsekian G.A.,370
36055605700,Parsekian G.A.,501
16041305200,Camacho J.S.,255
16041305200,Camacho J.S.,501
57215322624,Stanley Fujimoto M.,256
57204552603,Barton T.J.,257
57204551844,Linn J.,257
57204547933,Jenkins D.,257
57195217444,Smith R.,257
57200690449,Arnold B.T.,259
57200690449,Arnold B.T.,546
57208717150,Lee A.,260
57204091960,Allen Q.S.,261
56353116200,Allen J.D.,262
56353116200,Allen J.D.,581
56353116200,Allen J.D.,684
6603717022,Hatch N.W.,262
6603717022,Hatch N.W.,581
57210923446,Chen J.,264
55652695700,Oh S.K.,264
57205329719,Nabulsi N.,264
57199801999,Johnson H.,264
57193242858,Wang W.,264
7005512824,Ryou J.-H.,264
57205263313,Hogg S.M.,265
36953700600,Le Bas P.-Y.,265
36953700600,Le Bas P.-Y.,616
23970286000,Bathe M.,266
57194276793,Chrisey L.A.,266
57208827685,Herr D.J.C.,266
7401703652,Lin Q.,266
57202228997,Rasic D.,266
54415129200,Zadegan R.M.,266
7005373645,Zhirnov V.V.,266
57202047395,Noronha D.H.,268
57193927413,Zhao R.,268
26029526200,Luk W.,268
7006799143,Wilton S.J.E.,268
7006799143,Wilton S.J.E.,535
57203922639,Stubbs C.J.,269
57196487336,Sun W.,269
16199522200,Cook D.D.,269
56985459400,Kraus D.,270
57195343816,Sherrod V.,270
57201722090,Day N.,270
57201722090,Day N.,517
56237421600,Cowley A.,271
56237421600,Cowley A.,497
55912340300,Vosughi A.,272
55912340300,Vosughi A.,541
55912340300,Vosughi A.,630
57201864184,Johnson C.,272
57201864184,Johnson C.,461
57201864184,Johnson C.,541
34874297000,Xue M.,272
34874297000,Xue M.,541
34874297000,Xue M.,630
34874297000,Xue M.,637
10639679200,Roy S.,272
10639679200,Roy S.,541
10639679200,Roy S.,630
10639679200,Roy S.,637
56854811600,Rich P.J.,273
55141781300,Hu H.H.,273
57190384916,Maestre J.,274
57190384916,Maestre J.,672
7005253700,Pallares J.,274
7005253700,Pallares J.,672
7004060735,Cuesta I.,274
7004060735,Cuesta I.,672
55413434100,Collins D.H.,275
57197733358,Janke D.,277
57197733358,Janke D.,671
57200390842,Monk A.,277
8392459500,Hunter A.,278
57200730892,Moore B.A.,278
53984647600,Mudunuru M.,278
56806547100,Chau V.,278
57201199846,Tchoua R.,278
57201509548,Karra S.,278
7006051256,O'Malley D.,278
6505878659,Rougier E.,278
8298784700,Viswanathan H.,278
35747244700,Srinivasan G.,278
57193565771,Leung H.,279
16177635300,Dankers A.,280
16177635300,Dankers A.,539
57207108623,Brodie M.,281
57200290256,Tensmeyer C.,281
57207112163,Ackerman W.,281
7102270639,Martinez T.,281
57205388766,Pettingill D.,282
57205393448,Kurtz D.,282
16313800700,Smalley D.,282
16313800700,Smalley D.,295
16313800700,Smalley D.,301
16313800700,Smalley D.,364
16313800700,Smalley D.,436
16313800700,Smalley D.,504
16313800700,Smalley D.,559
16313800700,Smalley D.,568
16313800700,Smalley D.,587
16313800700,Smalley D.,636
16313800700,Smalley D.,870
55638504300,Youn C.C.,284
56798055200,Gates N.S.,286
56798055200,Gates N.S.,327
57192697616,Moore K.R.,286
57192697616,Moore K.R.,290
57192697616,Moore K.R.,551
8621794000,Ning A.,286
8621794000,Ning A.,287
8621794000,Ning A.,290
8621794000,Ning A.,327
8621794000,Ning A.,333
8621794000,Ning A.,334
8621794000,Ning A.,548
8621794000,Ning A.,550
8621794000,Ning A.,551
8621794000,Ning A.,592
8621794000,Ning A.,612
8621794000,Ning A.,623
8621794000,Ning A.,830
57215306633,Newcomb J.E.,287
57201367093,Unrau M.A.,288
57201367093,Unrau M.A.,552
57189445479,Sanchez D.,289
55812232700,Munro T.,289
55812232700,Munro T.,335
55812232700,Munro T.,557
55812232700,Munro T.,644
55812232700,Munro T.,754
55812232700,Munro T.,875
57192955909,La A.,291
57192955909,La A.,710
55161739600,Howell B.,292
55161739600,Howell B.,293
55161739600,Howell B.,294
55161739600,Howell B.,561
55161739600,Howell B.,562
55161739600,Howell B.,641
55161739600,Howell B.,791
55161739600,Howell B.,792
55161739600,Howell B.,793
57211281996,Siebert J.,292
57211282830,Hill M.,292
57204903122,Hazen G.,293
57204903122,Hazen G.,641
57187178400,Morgan D.,293
57187178400,Morgan D.,483
57187178400,Morgan D.,790
57211282935,Hamilton M.,294
57216747100,Korimi M.,295
57216739000,Adams M.R.,295
57212553003,Pham H.,298
57200205435,Schroedter T.L.,299
57200205435,Schroedter T.L.,807
57203241931,Smith T.,300
57203241931,Smith T.,470
57212168814,Armknecht J.,300
57212172095,Cameron J.,300
57205292526,Rogers W.,301
57205292526,Rogers W.,559
57205292526,Rogers W.,587
57195066838,Neupane A.,302
57195066838,Neupane A.,564
57212106357,Clinton R.,303
57212103171,Whitehead J.,303
57212103171,Whitehead J.,305
57212103171,Whitehead J.,554
57212103171,Whitehead J.,787
57211214561,Seat M.L.,304
57211216470,Wyatt Clegg B.,304
57212107036,Metro D.,305
57212104751,Cockrell J.,305
57212106857,Moffett T.,305
57212104028,Bonner N.,305
57212104028,Bonner N.,554
57204799155,Kincaid C.J.,307
57204803477,Vaterlaus A.C.,307
57204802622,Stanford N.R.,307
57219001134,Redd B.,308
57219001134,Redd B.,311
57218994430,Ebert J.,308
57218994299,Twitchell A.,308
57218995344,Long D.G.,310
36677010800,Briceño X.,311
57204692730,Arabian F.,312
57204692730,Arabian F.,434
57204692730,Arabian F.,571
56747516900,Warner W.Y.,313
56071519600,Wilson M.E.,314
57212342916,Ynchausti C.,315
57212351695,Seymour K.,316
57212342217,Sheffield J.,316
57212343330,Armstrong A.G.,317
57212351059,Hunter J.G.,320
57212341630,Andrews D.W.,321
57212277900,Brown T.,322
57188667076,Hope S.,322
57200534297,Stringham B.J.,323
57200534297,Stringham B.J.,511
57214773567,Smith D.O.,323
57212271263,Naylor T.A.,325
57111140800,Martin R.A.,327
57197737083,Sadler J.E.,328
57197737083,Sadler J.E.,545
57205761514,Day R.D.,328
57205766759,Bronson P.G.,328
57205762398,Tovar J.L.,328
7004511126,Tree D.R.,329
7004511126,Tree D.R.,420
57200687939,Tobiasson J.R.,329
57200687939,Tobiasson J.R.,420
57200688910,Egbert S.C.,329
57200688910,Egbert S.C.,357
57200688910,Egbert S.C.,420
57031187500,Gong H.,330
57031187500,Gong H.,332
57031187500,Gong H.,480
57031187500,Gong H.,533
57031187500,Gong H.,688
57089497400,Johnson B.I.,331
57209912956,Avval T.G.,331
57209911428,Hodges G.T.,331
57211503118,Carver V.,331
57211500187,Membreno K.,331
7006120837,Allred D.D.,331
7006120837,Allred D.D.,335
7006120837,Allred D.D.,371
7006120837,Allred D.D.,820
57209530205,Hooper K.,332
57215116223,Baker N.F.,333
57191952713,Stanley A.P.J.,333
57191952713,Stanley A.P.J.,612
57191952713,Stanley A.P.J.,830
57188658434,Thomas J.J.,333
57188658434,Thomas J.J.,334
57188658434,Thomas J.J.,830
36682113800,Dykes K.,333
36682113800,Dykes K.,612
36682113800,Dykes K.,830
56245452300,Annoni J.,334
56245452300,Annoni J.,830
35310092900,Fleming P.,334
35310092900,Fleming P.,830
57214589312,Thorum A.,335
57215007775,Page L.,335
36126203400,Hua Z.,335
7102843798,Hurley D.,335
57214451592,Yayoglu Y.E.,336
6603114735,Gallant N.D.,336
8641604600,Toomey R.,336
23027991800,List M.G.,337
23027991800,List M.G.,591
23027991800,List M.G.,827
7103035939,Rossiter J.A.,338
57212228353,Pope S.A.,338
7404957607,Jones B.L.,338
57203578595,Baptista A.,339
57203572508,Carneiro A.,339
55849943100,Lundgreen R.,340
35338971800,Bai H.,341
57207260622,Starick T.,342
24336460200,Schmidt H.,342
24336460200,Schmidt H.,466
57195960835,Nittala S.,343
57195960835,Nittala S.,489
57203300120,Howland S.,343
57203300120,Howland S.,489
57203300120,Howland S.,490
13607032600,Jesiek B.,343
13607032600,Jesiek B.,489
13607032600,Jesiek B.,490
13607032600,Jesiek B.,732
57209399640,Tyler J.,344
57212167791,Gatrell C.,344
57209394752,Howard D.,344
57211217749,Gibbons J.D.,345
57203661821,Lusk P.C.,346
57203661821,Lusk P.C.,451
57203661821,Lusk P.C.,460
46961076700,Glaab P.C.,346
7801515665,Glaab L.J.,346
57208012133,Wagstaff K.B.,349
57208012227,Black R.,349
55698505100,Black J.A.,350
55698505100,Black J.A.,604
57203308821,Hueros R.A.R.,350
55326143600,Parks J.W.,350
55326143600,Parks J.W.,406
55326143600,Parks J.W.,834
57212351859,Goodson M.,353
7404766197,Anderson M.,353
7404766197,Anderson M.,354
57212271159,Stapleton T.,354
57205765859,Owens T.,354
57205765859,Owens T.,360
7201511283,Webb B.W.,355
7201511283,Webb B.W.,397
7201511283,Webb B.W.,398
7201511283,Webb B.W.,399
7201511283,Webb B.W.,471
7201511283,Webb B.W.,869
6602191934,Solovjov V.P.,355
6602191934,Solovjov V.P.,397
6602191934,Solovjov V.P.,398
6602191934,Solovjov V.P.,399
6602191934,Solovjov V.P.,471
6602191934,Solovjov V.P.,869
57193878725,André F.,355
57193878725,André F.,397
57193878725,André F.,398
57193878725,André F.,399
57193878725,André F.,471
57193878725,André F.,869
57210949030,Patterson C.,356
7404901361,Kelly J.D.,356
57210375461,Ba Q.,357
55861508600,Li X.,357
56484754900,Cheng L.,357
6506942267,Lofthouse V.,358
6602562656,Bhamra T.,358
57202112010,Downing T.,359
57202112010,Downing T.,519
57202120923,Anderson S.,359
57202120923,Anderson S.,519
57193360481,Wright L.,360
57193360481,Wright L.,419
57193360481,Wright L.,695
57205767010,Haskell M.,360
57205762391,Bowman E.,360
35435170000,Lingwall B.N.,361
55665473200,Youd T.L.,361
55665473200,Youd T.L.,590
55665473200,Youd T.L.,832
57204677450,Blonquist J.,361
57204677555,Liang J.H.,361
57204472177,Rowberry H.C.,362
56530707600,Noyce S.G.,363
54790496100,Craighead H.G.,363
26427694400,Jolly S.,364
26427694400,Jolly S.,636
26427694400,Jolly S.,870
57190256209,Datta B.,364
57190256209,Datta B.,636
57190256209,Datta B.,870
57191107247,Parthiban V.,364
55664291100,Michael Bove V.,364
7202317282,Katayama I.,365
7202317282,Katayama I.,387
57192070840,Kobayashi M.,365
57192070840,Kobayashi M.,387
57201700890,Gubaev K.,366
57195574701,Podryabinkin E.V.,366
57215333932,Khah F.S.,367
34868658300,Rybkowski Z.K.,367
34868658300,Rybkowski Z.K.,826
57215305002,Ray Pentecost A.,367
7410171017,Smith J.P.,367
7410171017,Smith J.P.,437
7410171017,Smith J.P.,825
7410171017,Smith J.P.,826
57215336161,Muir R.,367
57201360985,Terry J.S.,368
57212351343,Whitaker J.,368
57194859276,Vaughn A.B.,369
57194859276,Vaughn A.B.,372
57194859276,Vaughn A.B.,855
15766049500,Swift S.H.,369
15766049500,Swift S.H.,372
15766049500,Swift S.H.,619
15766049500,Swift S.H.,622
7202538835,Downing J.M.,369
7202538835,Downing J.M.,372
7202538835,Downing J.M.,619
7202538835,Downing J.M.,622
15044701600,James M.M.,369
15044701600,James M.M.,372
15044701600,James M.M.,619
15044701600,James M.M.,620
15044701600,James M.M.,621
15044701600,James M.M.,622
15044701600,James M.M.,854
15044701600,James M.M.,856
15044701600,James M.M.,858
57203579114,Barreto D.,370
57203573476,Carilho M.,370
57203570620,Domschke V.,370
57216989927,Tilahun L.E.,371
57211502145,Gabriel Richardson J.,371
6507803480,Steven Turley R.,371
24330327900,Vance A.,374
55634592700,Eargle D.,374
36713489900,Jenkins J.L.,374
35725132100,Brock Kirwan C.,374
36986090000,Anderson B.B.,374
57193722976,Nascimento M.R.,375
7005521036,Roman H.R.,375
7005521036,Roman H.R.,388
7005521036,Roman H.R.,639
55557218000,Abut F.,376
55557218000,Abut F.,526
7102443026,Akay M.F.,376
7102443026,Akay M.F.,526
7403558004,George J.,376
7403558004,George J.,526
56790117900,Yellowhorse A.D.,379
56790117900,Yellowhorse A.D.,445
56790117900,Yellowhorse A.D.,577
56790117900,Yellowhorse A.D.,811
57193911152,Fernquest S.,381
57193911152,Fernquest S.,696
55780846900,Palmer A.,381
55780846900,Palmer A.,696
57203303999,Gammer B.,381
57217139231,Hirons E.,381
14064679200,Kendrick B.,381
7405891981,Taylor A.,381
57201739935,De Berker H.,381
6508339625,Bangerter N.,381
6508339625,Bangerter N.,696
57213262958,Carr A.,381
57213262958,Carr A.,696
6506674242,Glyn-Jones S.,381
6506674242,Glyn-Jones S.,696
57191362366,Zimmerman T.K.,382
57191362366,Zimmerman T.K.,408
57191362366,Zimmerman T.K.,454
57194018623,Calvin J.J.,383
57205236255,Rosen P.F.,383
57194101278,Ross N.L.,383
35392647700,Navrotsky A.,383
57204968964,Bohman M.,384
57205645397,Anderson J.,385
57205645397,Anderson J.,403
57205645397,Anderson J.,404
55353164900,Cazzaniga C.,385
7101816954,Frost C.,385
57200527971,Elston E.,386
11440678000,Schrand A.,386
24337245000,Arashida Y.,387
56023819400,Yamashita G.,387
10639240900,Matsubara E.,387
11043349200,Ashida M.,387
54782837300,Lübeck A.,388
54782837300,Lübeck A.,639
8048702500,Mohamad G.,388
8048702500,Mohamad G.,639
8048702500,Mohamad G.,769
57207228809,Milani A.S.,388
57207228809,Milani A.S.,639
13411176900,Gou Y.,389
57205595555,Peterson S.,390
9336961600,Stephens K.K.,390
16425686200,Hughes A.,390
16425686200,Hughes A.,394
57217471535,Purohit H.,390
56577741600,Sen U.,391
55807316700,Chatterjee S.,391
7102317656,Ganguly R.,391
57200514682,Yu L.,391
7003388995,Megaridis C.M.,391
16229559200,Banik J.A.,392
57207993531,Villa J.M.,393
56560118600,Ayoubi P.,393
57214608701,Roxanne Hiltz S.,394
55598006500,Imran M.,394
23668489900,Plotnick L.,394
15848894300,Power R.,394
57209871741,Turoff M.,394
35380198000,Sato Y.,395
57200723881,Yan D.,395
7401952672,Rodríguez E.,396
35556946600,Bourassa M.,396
7004590414,Chelton D.,396
43261827400,Thomas Farrar J.,396
55428435400,Perkovic-Martin D.,396
7004611313,Samelson R.,396
7004507225,Lemonnier D.,397
7004507225,Lemonnier D.,869
57193568214,Coelho F.,398
57193568214,Coelho F.,399
6506341914,Consalvi J.-L.,398
6506341914,Consalvi J.-L.,399
7005053199,Franca F.,398
7005053199,Franca F.,399
55671352500,Galtier M.,398
55671352500,Galtier M.,399
22952048100,Nmira F.,398
22952048100,Nmira F.,399
6507447149,Pastusek P.,400
23012428800,Payette G.,400
56642521500,Shor R.,400
24780432200,Cayeux E.,400
55233755100,Aarsnes U.J.,400
7801636116,Menand S.,400
7101973402,Macpherson J.,400
35368447500,Gandikota R.,400
7801530241,Behounek M.,400
56689651300,Harmer R.,400
7005786977,Detournay E.,400
7801609389,Illerhaus R.,400
55922401500,Liu Y.,400
57191525048,Allender E.J.,401
41262329300,Orgel C.,401
57203758421,Almeida N.V.,401
57203801188,Cook J.,401
57203805526,Ende J.J.,401
57202763603,Kamps O.,401
56116155300,Mazrouei S.,401
57203801050,Slezak T.J.,401
57199854443,Soini A.-J.,401
56979909000,Kring D.A.,401
57205650285,Leavitt J.C.,403
56698926600,Lee D.S.,404
55627591500,King M.,404
57205652485,Evans W.,404
57193683516,Rice W.,404
57202192401,Kim K.M.,407
57203191415,Russell B.D.,408
57203142381,Emerson P.,409
57204916397,Duffy C.,410
57204916190,Prugue C.,410
57204910117,Glew R.,410
57198809206,Smith T.,410
57204925116,Howell C.,410
57204911023,Choi G.,410
55303499100,Bowen L.,411
56577817900,Wilcox E.,411
57189623841,Shrager A.,411
7003678761,Frecker M.I.,411
6602997992,von Lockette P.,411
7202539045,Simpson T.W.,411
55710750200,Temple K.,413
55710750200,Temple K.,707
55710750200,Temple K.,877
6508087756,Chalfant T.,413
57207110219,Ernst D.,413
57214580514,Kahn C.,413
57204110218,McGhin R.F.,414
56549581200,Hotchkiss R.H.,414
55259726700,Jensen J.L.,415
55256673100,Holt E.A.,415
57202609763,Sowards J.B.,415
6508265156,Heath Ogden T.,415
56433927200,West R.E.,415
56433927200,West R.E.,690
7404022739,Cox J.J.,416
7003352704,Tikare V.,416
7102280128,Kurata M.,416
34976725300,Haut T.,417
6602423274,Wingate B.A.,417
57198044407,Huang X.,418
55736791400,Wang X.,418
7601492574,Wang Y.,418
57203572325,Zhu Y.,418
57201742316,Feeman S.M.,419
56463982900,Clavijo C.E.,421
56463982900,Clavijo C.E.,819
55764401200,Stevens K.,421
55764401200,Stevens K.,816
6602549459,Chahal J.S.,422
6602123531,Ghorpade S.R.,422
57193089338,Frank I.W.,423
57201086222,Desrochers C.,424
26634282400,Prinz G.S.,424
57204595191,Shah D.,425
57204607180,Patel D.I.,425
56226072000,Roychowdhury T.,425
7003631423,Rayner G.B.,425
57204596520,O’Toole N.,425
7103236401,Baer D.R.,425
57195264521,Loiseau J.,426
57204829124,Lim H.,426
35239803700,Bergen B.K.,426
37086141200,Moss N.D.,426
8329346700,Alin F.,426
55369699900,Ni Q.,427
57204830739,Hastings A.,428
57204825465,Jensen S.,428
7006372151,Hutchings B.,428
7006372151,Hutchings B.,488
7006372151,Hutchings B.,730
57203192064,Davis B.R.,429
57203188827,Ford H.,429
55619678900,Safdarnejad S.M.,430
57202852104,Barnwell N.V.,431
57202852946,Tryon J.E.,431
57202860730,Sadler A.L.,431
56701619800,Ding S.,432
8369472600,Das S.R.,432
57193322440,Brownlee B.J.,432
57193322440,Brownlee B.J.,851
56376235200,Parate K.,432
57202237979,Davis T.M.,432
56702333100,Stromberg L.R.,432
7401994123,Chan E.K.L.,432
35336731800,Katz J.,432
23388379100,Claussen J.C.,432
23388379100,Claussen J.C.,851
57204695840,Larmore G.,433
57204695450,Perrinsy E.,434
56490084100,Boyce P.,435
57204693186,Harrisony W.K.,435
57188711588,Henrie A.,436
57188711588,Henrie A.,568
57200118672,Codling J.R.,436
57200118672,Codling J.R.,568
57164754700,Gneiting S.,436
57164754700,Gneiting S.,559
57164754700,Gneiting S.,568
57200117120,Christensen J.B.,436
57200117120,Christensen J.B.,568
57200121629,Burdette M.J.,436
57200121629,Burdette M.J.,568
55523036500,Burgett J.M.,437
56287595000,Perrenoud A.,437
56426567600,Schinn S.-M.,438
57200181918,Long E.A.,438
16197655400,Hess B.C.,439
56703039000,Loney D.A.,440
39362193900,Pevey K.C.,440
57197749025,McAlpin J.T.,440
57201022887,Nelsen B.W.,440
57217564448,Hargis B.H.,440
57213462935,Peterson J.R.,441
57213462935,Peterson J.R.,751
57213462935,Peterson J.R.,752
57205507684,Perego A.,441
57205503531,Shelley M.,441
57194047397,Olsen C.R.,441
57194047397,Olsen C.R.,751
57194047397,Olsen C.R.,752
57205500882,Perez L.D.,441
57205505883,Hogg H.L.,441
57212277009,Watt R.K.,441
57212277009,Watt R.K.,751
57212277009,Watt R.K.,752
35587077000,Colton J.S.,441
35587077000,Colton J.S.,751
35587077000,Colton J.S.,752
57190849274,Jiang Z.,442
55235047300,Poornejad N.,443
55235047300,Poornejad N.,799
56515354700,Momtahan N.,443
57194105863,Salehi A.S.M.,443
56921113900,Scott D.R.,443
57044630300,Fronk C.A.,443
7005654753,Roeder B.L.,443
7005654753,Roeder B.L.,799
56701050600,Reynolds P.R.,443
56701050600,Reynolds P.R.,799
57203184524,Cramer J.,444
57201465968,Adams D.,444
56248395300,Brown T.,444
57203180153,Misha R.,444
