ID,name
57218202833,Gautam A.
7004904337,Crandall J.W.
7005513246,Goodrich M.A.
6508306234,de Moura Oliveira P.B.
9277159100,Hedengren J.D.
6507358470,Boaventura-Cunha J.
53879700900,Hajimirzaie S.M.
26642910500,Hotchkiss R.H.
57204031131,Bunnell S.
6602649851,Gorrell S.
56830076500,Salmon J.
57204029674,Thelin C.
57204032253,Ruoti C.
57217149830,Richardson M.
57217149403,Cannon S.
57217145377,Teichert L.
57217146534,Vance A.
57217147399,Kramer I.
57217147006,Barter M.
57210571665,King J.
55611356500,Callahan C.
57218886193,Stanković A.M.
57210260262,Sarić A.A.
6701777223,Sarić A.T.
8448666000,Transtrum M.K.
36149254500,Hackney D.
57191155872,Goode T.
56681156600,Seng F.
35088650000,Pankow M.
7201741468,Schultz S.
7402786794,Peters K.
57191822951,Coburn J.
57188654880,Freeman I.
57192247939,Švenda V.G.
57218593962,Walker Z.
57218593446,Wells T.
57218591162,Lay K.
57201772566,Sampad M.J.N.
16422844400,Schmidt H.
7102975249,Hawkins A.
57193338296,Wu F.
57194692502,Zhou Z.
57202017958,Temizel-Sekeryan S.
57205128747,Ghamkhar R.
55829396600,Hicks A.L.
57201634652,Larsen B.
57218685929,Hunt J.
18535712500,Hovanski Y.
56248593800,Peterson C.K.
10640480600,Casbeer D.W.
24923036100,Manyam S.G.
7201675107,Rasmussen S.
56330168500,Zou Z.
9942259800,Scott M.A.
57201257192,Miao D.
56260937200,Bischoff M.
57081918700,Oesterle B.
55487415500,Dornisch W.
7202083837,Rice M.
57210290270,Clark B.
57210288045,Flanary D.
57210287166,Jensen B.
57211254337,Nelson N.
57210292389,Norman K.
57218761022,Perrins E.
35147940600,Harrison W.K.
57201912667,Hendricks L.J.
7202282831,Baxter J.S.
57218107757,Chou Y.
57198832579,Thomas M.
57218097969,Boekweg E.
7003302831,Guthrie W.S.
16066928300,Mazzeo B.A.
57213342768,Gardner J.W.
56584019300,Mulford R.B.
57217581937,Salt S.D.
57214937519,Hyatt L.P.
57217581770,Meaker K.S.
55542008600,Dwivedi V.H.
56714263700,Jones M.R.
8608718200,Iverson B.D.
17341858700,Chowdhury S.
42062742100,Zhuang H.
55802018400,Coleman S.
36515506800,Patala S.
56735940800,Bair J.
57194874146,Lu W.
8935141300,Cao Q.
57194231165,Xu B.
6601976036,Adidharma H.
35547089300,Gasem K.
7004479819,Argyle M.
55413647400,Zhang F.
55739722900,Zhang Y.
7201970805,Fan M.
57217041570,Webb D.
57200117690,Song Y.
57207689986,Rozsa J.
57200699937,Gustafson E.
7202316035,Austin D.E.
35209941000,Chiang S.-H.W.
57219312906,Lam S.-H.
57215534774,Brewer E.
35303536900,Ng Y.-K.
57216811262,Erickson H.C.
8705255200,Homer E.R.
57218879246,Huang J.-S.
57218883196,Huang Y.-C.
57218883472,Kao C.-W.
57218875152,Hsu C.-W.
36444802300,Chen C.-H.
7402967162,Wallace J.W.
56196521900,Mahmood A.
35597296700,Jensen M.A.
55649569259,Mehmood R.
55849071700,Koch D.P.
57190404271,Wheeler D.O.
35562442700,Beard R.W.
7006542177,McLain T.W.
36668159600,Brink K.M.
57200206301,Amini E.
57190131647,Babaei A.
35612908400,Mehrnia M.R.
8208300700,Shayegan J.
57192643299,Safdari M.-S.
57215136260,Weaver B.P.
56442655200,Kaufeld K.
55827824100,Warr R.
57197773578,Pack A.T.
57204761536,Phipps E.R.
7004300863,Mattson C.A.
8421746800,Dahlin E.C.
57203660684,White J.H.
57218095797,Clark R.
57218102993,Dickinson T.
57218105310,Loaiza J.
57197795830,Geiger D.W.
14033673100,Charles S.K.
57205285411,Rose M.T.
57205288709,Pielstick B.D.
57205293533,Jones Z.T.
6701746882,Sommerfeldt S.D.
10141271600,Gee K.L.
7202277096,Thomson S.L.
6701720294,Magleby S.P.
57211516485,Howell L.L.
57200077532,Willis J.
55613237293,Johnson J.
57208246750,Libano F.
57206834042,Wilson B.
7003292762,Wirthlin M.
19638969800,Rech P.
55301279200,Brunhaver J.
7402258065,Lawson J.
36987999600,Afran M.S.
7003868048,Saquib M.
57190402922,Ellingson G.
9535406000,Sansom R.L.
56703308500,Bodily R.
57216531463,Bates C.O.
23050937200,Leary H.
57199050938,Small K.A.
57211158470,Clayburn Z.
57195286623,DeMott R.
35790633100,Primig S.
12142543700,Fullwood D.
8715877100,Taheri M.L.
57209474608,McLeod A.R.
12445208100,Bruening D.
35868117400,Johnson A.W.
57209473859,Ward J.
35867849600,Hunter I.
8929123100,Camacho R.M.
57215607275,Fish D.
57215609504,Simmons M.
57200118993,Awerkamp P.
57215613881,Anderson R.
57215598228,Carlson S.
57211987837,Laney J.
57209538650,Viglione M.
7005636820,Nordin G.P.
57202910818,Knighton B.E.
55213245300,Nielson M.
57211642778,Hardy R.T.
57196372172,Alejandro A.
57208225620,Rawlings L.
57209824884,Johnson J.A.
6701646284,Peatross J.
57216751001,Atkinson N.
57216748895,Hodge D.
36913263000,Pratt B.
57217283178,Romero M.
57216749286,Schulzke C.
7005357023,Ware M.
57192943554,Ottosson H.J.
56709287700,Hamilton E.S.
7003772744,Crane N.B.
57195970826,Aryal B.R.
57203943386,Ranasinghe D.R.
57193834529,Westover T.R.
57203942414,Calvopiña D.G.
7410190129,Davis R.C.
7007046711,Harb J.N.
7006111578,Woolley A.T.
56371366400,Fujimoto M.S.
57202818911,Lyman C.A.
7102523474,Clement M.J.
7003927879,Bunimovich L.
57217245563,Passey D.J.
57198519795,Smith D.
55100119300,Webb B.
39861044100,Borden M.J.
36708895400,Thomas D.C.
57210419894,Yu M.
14059209700,Zhang D.
7406665619,Lee D.-J.
7201793184,Desai A.
56692412900,Gunnarsson A.
57211105311,Andersson K.
7202518970,Adams B.R.
12445742400,Fredriksson C.
57218836048,Peters W.
57194504247,Jones T.
7202040335,Efimov A.
14631026900,Pedersoli E.
55159798000,Foglia L.
54941111500,Mincigrucci R.
55258876800,Nikolov I.
7006038251,Trebino R.
20735824800,Sandberg R.
55846910700,Danailov M.
6602657620,Capotondi F.
14033765300,Bencivenga F.
13005462200,Bowlan P.
55770396700,Frazer D.
23099630500,Hosemann P.
57215680724,Warr C.
57205652801,Valdoz J.C.
57195427378,Bickham B.P.
57215684781,Knight C.J.
57215687139,Franks N.A.
57215697686,Chartrand N.
56251876800,Van Ry P.M.
7202687601,Christensen K.A.
56514586700,Cook A.D.
57197765353,Stevenson P.D.
57188681207,Hyatt P.
36349287300,Killpack M.D.
57189235340,Keller A.
55547123342,Anderson J.
25639041400,Wen S.-J.
55967471000,Fung R.
57218221803,Chambers C.
56387524600,Ganjalizadeh V.
57202735625,Wright J.G.
7003381644,Warnick K.F.
6701834327,Selvan K.T.
57202445593,Fistler M.
7004609408,Kerstein A.
8660143800,Lignell D.O.
6506736843,Oevermann M.
6507359986,Shamsabadi A.
57214365851,Schwicht D.E.W.
57212088299,Dasmeh A.
7003663333,Rollins K.M.
6602889035,Taciroglu E.
57216181629,Manandhar K.
36245410800,Ren Y.
57191110417,Stasak D.
56622088300,Hou H.
57195921912,Kirsch D.
57215904613,Sarker S.
7402756644,Mehta A.
57217317667,Sardar S.
57195591421,Xiao M.
57217789464,Weaver J.L.
57216183270,León C.
57207901363,Hart G.
34873697600,Sunaoshi T.
56767836200,Lemmon J.P.
7102900497,Takeuchi I.
57196422740,Howell R.G.
7403518015,Jensen R.R.
36852156000,Petersen S.L.
16245238300,Larsen R.T.
57202776341,Bahari M.
57212879455,Malmberg M.A.
57212877661,Brown D.M.
57212877401,Hadi Nazari S.
35262249500,Lewis R.S.
7102405529,Watt G.D.
57212107391,Petrie A.
57216754583,Kinnison W.
8342785400,Layton K.
57190228554,Taysom B.S.
7102879142,Sorensen C.D.
57211891331,Guo Z.
57199244740,Zhang M.
57204433875,Simons T.
57215212754,Fuller S.G.
57215211789,McCown A.S.
57214076898,Clayton M.F.
57198146081,Bilodeau R.A.
7006441571,Bowden A.E.
57191873151,Ziaee M.
57216430816,Mahmood A.
55971908500,Jin M.
54415193700,Zhu B.
56489679500,Mo J.
55522618700,Yang Z.
55864283000,Zhang X.
57209110872,Wu R.
57206455220,Beutler J.
7103248108,Baxter L.L.
57191108291,Morgan W.S.
57212383793,Christensen J.E.
57212379321,Hamilton P.K.
57202904399,Jorgensen J.J.
7403279876,Campbell B.J.
6507391043,Forcade R.W.
57196261400,Kunzler J.W.
57214229367,Bartschi J.M.
57214855898,Schnepf P.D.
57215031057,Davis A.
6701610428,Vanfleet R.
7403218372,Jensen B.D.
57200515115,Kurniawan C.
57194698845,Baird S.
35409277700,Johnson O.K.
57193749678,Searle M.
55457444300,Crockett J.
6701863708,Maynes D.
57201666213,Park J.L.
55694540600,Canizales K.A.
7003545107,Woodfield B.F.
13406135400,Stowers K.J.
57203017789,Smiley A.J.
6701609778,Plett G.L.
7005052477,Godfrey P.C.
8750608700,Allen G.N.
57214071214,Benson D.
57193518829,Hansen L.T.
7006583274,Wagoner R.H.
55359526600,Lim H.
56911636200,Carroll J.D.
55272011900,Zhou G.
57203486012,Bong H.J.
57202293242,Ogbeibu S.
57203024588,Emelifeonwu J.
57160053200,Senadjki A.
36006215900,Gaskin J.
55944615300,Kaivo-oja J.
57191995369,Chen K.
57195515828,Horne R.R.
57211443769,Rich J.T.
57211435896,Bradley M.W.
7005408810,Pitt W.G.
56685601500,Wnorowska U.
16549438300,Fiedoruk K.
56685789300,Piktel E.
57212757453,Prasad S.V.
57212871890,Sulik M.
57215487696,Janion M.
16548815300,Daniluk T.
7202875039,Savage P.B.
6701383359,Bucki R.
57191570988,Orme A.D.
57201357657,Soderquist D.R.
57210289242,Greenwood J.R.
57192710054,Butler J.J.
57219015425,Lystrup C.
55813139600,George A.
57203836305,Zobell B.
57219009389,Boster K.
57219005376,Childs C.
57219006078,Girod H.
57218481091,Ploeg S.
57217024741,Gunther H.
57218482479,Camacho R.
34873482400,Skaggs P.
6507317548,Fulda N.
54781821400,Stout J.M.
57215052018,Baumgarten T.E.
57215058041,Stagg G.G.
56957771800,Cannon M.J.
57204469757,Perez-Celis A.
57188691775,Best C.M.
57188173800,Rupert L.
57202579348,Ong J.
57214718289,Richards D.
57193706327,Larsen J.L.
57193715705,McElderry J.
57188833818,Pehrson N.A.
57209881955,Ames D.C.
57212345817,Ignaut B.
57218689472,Broyles Z.
57218687826,Talbot S.
57218685971,Johnson J.
7006533953,Halverson D.M.
57209889565,Smith S.P.
56045493000,Arya M.
57217866402,Adamson M.
8244752200,Schultz G.G.
55727966500,Saito M.
57217871738,Stevens M.D.
57218270296,Pearce W.
57218269408,Landers N.
56215007300,Francom D.
50162863000,Walters D.J.
55422614200,Barber J.L.
6603288835,Luscher D.J.
13405030000,Lawrence E.
55904183100,Biswas A.
55279219900,Biwer C.M.
57211205845,Banesh D.
38662818500,Lazarz J.
57203219105,Vogel S.C.
14059027500,Ramos K.
6505524737,Bolme C.
7103004161,Ahrens J.
57202612841,Willey L.C.
36499438800,Garcia E.
55860312700,Von Moll A.
57201618074,Trapuzzano M.
6506325894,Tejada-Martínez A.
8608764300,Guldiken R.
57204470823,Thurlow C.A.
57211518929,Gregg J.F.
56036628100,Anderson B.E.
16033650300,Remillieux M.C.
57195804520,Bilancia P.
24483038000,Berselli G.
57189375802,Park J.
57212455523,Price C.
6603286802,Pixton D.
57023931200,Aghito M.
24830555500,Nybø R.
6602776615,Bjørkevoll K.
56857577200,Leete K.M.
16643231700,Liu J.
55359090100,Wall A.T.
57217872286,Galvez de Leon P.
57217867341,Shahandashti S.K.F.
36893877000,Chamberlin R.
57189218211,Liu L.
48361087900,Diao J.
7005241866,Eckhardt B.
7006815587,Doering C.R.
36154754400,Whitehead J.P.
57193226888,Huang Z.
57216966389,Du X.
57208015963,Chen L.
57193230951,Li Y.
56584993700,Liu M.
55367023500,Chou Y.
7403329173,Jin L.
57204964732,James B.
12544690900,Quinn H.
54978625300,Goeders J.
57201759181,Ling M.
16548784600,Cao J.
8922674200,Chen G.
55764938300,Wilson P.S.
6701550039,Knobles D.P.
6506328689,Neilsen T.B.
57201947722,Manring L.
57209567638,Pederson J.
57209581042,Potts D.
55845968200,Boardman B.
14831622300,Mascarenas D.
12646372900,Harden T.
55788214400,Cattaneo A.
57219330558,Samuelson C.R.
57219332168,Duffy-Deno C.A.
57219327922,Whitworth C.B.
55220932600,Tippmann J.D.
56263319900,Qu Y.
55436436900,Shu W.
57218480110,Qiu L.
7004688501,Kuan Y.
7601550121,Chang J.S.
57201735120,Bopp D.G.
57216287696,Taylor E.
57216287324,Le K.
6506462706,Schima S.
8357777200,Hummon M.T.
7004945584,Kitching J.
9741060000,Kaoumi D.
12143690400,Ohara Y.
57208015244,Stuber Geesey M.A.
57052262900,Xi L.
57204944822,Schoell R.
7102369425,Bryan C.R.
6603460787,Enos D.G.
6603089864,Summa D.A.
12761902000,Ulrich T.J.
9279493200,Shayer Z.
57194034271,Cabas A.
53866135200,Beyzaei C.
55315026400,Franke K.
57216076371,Koehler R.
56818839700,Pierce I.
23570183200,Stuedlein A.
57215823167,Yang Z.
57216048774,Christie S.
7202049689,Tucker A.L.
57207774891,Zheng S.
7006410098,Bohn R.E.
56206655300,Sacchi C.
55368982000,Schlegel C.
56078804700,Rossi T.
57216040137,Noble M.
7102391180,Ruggieri M.
7402406630,Cheung K.-M.
7004398165,Marchese M.
6701655006,Granelli F.
35103143500,Popescu V.
57216037206,Rice M.
7801550098,Murroni M.
14832404400,Conci N.
55559344500,Allen M.
6701910642,Shahgholian H.
56221719300,Hunt J.P.
57210161259,Zhao E.L.
57203181568,Soltani M.
57212304730,Frei M.
55458271500,Nelson J.A.D.
56266132600,Bundy B.C.
57209399454,Fanning D.T.
9245406100,Oliphant K.
57194053456,Goates C.B.
56968013300,Calton M.F.
6701723921,Copley D.C.
57202910211,Smith R.
57196421757,Rosen J.
24402340500,Ventura D.
55645613600,Sisodia S.M.
55546296200,Bull D.J.
6603579157,Gamstedt E.K.
28167695400,Mavrogordato M.N.
57212950333,Spearing S.M.
55945437600,Taus M.
7004277402,Rodin G.J.
55911870000,Hughes T.J.R.
57215811083,Searle H.
17434035200,Gomes M.A.C.
24726409500,Vilela J.P.
57191862517,Nyshadham C.
23091904000,Rupp M.
57208341600,Bekker B.
53878508900,Shapeev A.V.
56363360200,Mueller T.
56148594700,Rosenbrock C.W.
6602577617,Csányi G.
36176552000,Wingate D.W.
57189244450,Kamminga J.W.
57211332837,Jones M.
8231832400,Seppi K.
57192300416,Meratnia N.
6701454416,Havinga P.J.M.
57202064143,Johnston J.D.
57204597171,Cowger A.E.
57192662939,Graul R.J.
57210982957,Nash R.
57204035623,Tueller J.A.
57196952707,Hendrickson N.R.
57196950804,Robinson D.R.
57213874106,Beard J.D.
7402658393,Weber K.S.
56680952700,Josephson C.
7003498769,Perrins E.
55588035200,Ruoti S.
6601908155,Seamons K.
56102505100,Paré P.E.
57191620725,Grimsman D.
56819566000,Wilson A.T.
16178649400,Warnick S.
35729129900,Miao X.
53866006800,Chu H.
56126031600,Liu H.
36538565900,Yang Y.
57210585829,Li X.
57203978933,Sargent B.
57212415946,Brown N.
57205129154,Pires dos Santos R.
7402370024,Dean D.L.
57203310052,Weaver J.M.
57193627694,Ashcraft C.C.
35175200200,Shaikh M.T.
6602198438,Ogles B.
55948963100,Aldous P.
7005411524,Mercer E.
36459611200,Bingham E.
7402074463,Edward Gibson G.
34868168700,El Asmar M.
57126129700,Hogstrom C.
57218886153,Stankovic A.M.
57205617484,Francis B.L.
57215432728,Nuttall J.R.
56677251600,Nelson T.G.
57208598187,Avila A.
7004307869,Herder J.L.
57205257595,Machekposhti D.F.
36503632200,Candia G.
16481299700,Mayoral J.M.
56331558100,Wood C.M.
47962305800,Montgomery J.
7101640734,Hutchinson T.
55916448500,Morales-Velez A.C.
57200363612,Fagergren F.
57212151348,Sypherd S.
57212147414,Snow D.
57212136375,Cunningham A.
57200529047,Neff C.
56112492400,Nussbaum J.
57215653879,Gardiner C.
18937960700,Zunino J.L.
57216187696,Newton M.
25627506700,Craddock T.J.A.
57210477807,Fletcher M.
7005345401,Klimas N.G.
7005976828,Broderick G.
57192067288,Johnson C.L.
57202855772,Moss C.D.
57212089454,Amin M.N.
57202116348,Hamblin M.
56709476900,Meena G.G.
57205025235,Brown O.
57202256915,Hanson R.
57193755486,Wood R.L.
57002749600,Robison R.
57208584595,Roundtree K.A.
35546747200,Adams J.A.
57003496300,Swindlehurst E.
57212110613,Jensen H.
57216244800,Chang M.-C.F.
7409253428,Wu J.-T.
57144864700,Chen Y.-F.
57194205673,Lin C.-S.
35078644900,Hong C.-F.
57204475222,Sun C.
8208317300,Lin H.-H.
55797091700,Zhao W.
57204783601,Yang X.
57192945685,Hu R.
56939117000,Liu C.
56585491000,Xuan J.
16308483700,Xu Y.
57200214703,Li T.
35311157900,Liu B.-F.
55972769000,Li Y.
36483856300,Yang Y.
57194027885,Zhang Y.
55345299700,Huang B.
56110251000,Mardkhe M.K.
57208682307,Corie T.H.
57201589125,Raven L.A.
24779209500,Fernandes T.
56012631600,Wang T.
56487893500,Sidhar H.
7402648240,Mishra R.S.
57200884469,Upadhyay P.
57203221999,Carlson B.
6603570606,Shoemaker G.
57203028829,Schultz S.
56824897200,Nielsen J.
57210916608,Wynn J.S.
57210911049,Bidstrup C.C.
57207008616,Moore J.J.
56315330500,Woodbury N.
55858031100,Wood A.E.
57211493546,Wilson A.E.
57205881788,Baker M.J.
57214032187,Baker W.H.
57208524360,Hanks K.N.
26634229600,Richards P.W.
7005934389,Randall G.C.
57208823236,Hansen K.R.
57190605478,Jackson B.
35508257500,Long D.G.
8321530600,Brodzik M.J.
7005709969,Hardman M.A.
57208255032,Badger J.C.
15848771600,Lang R.J.
57199980412,Guo C.
55475654800,Zhao D.
43961414900,Ridge S.T.
9041055700,Remund K.
57191156976,Hammond A.M.
57209978209,Potokar E.
57118455800,Liu F.C.
7401431037,Nelson T.W.
24401574900,McCracken S.L.
57201432287,Li X.
7003498548,Sederberg T.W.
57207334294,Adams D.W.
26641352100,Saftner D.A.
23569552400,Farnsworth C.B.
36769181100,Retherford J.
56976354400,Okeson T.J.
57209659294,Barrett B.J.
57209655847,Arce S.
57204570329,Vernon C.A.
57210191104,Derricott J.
57214009254,Peterson C.
57217482839,Allen B.C.
57209640119,Ellingson J.
57210919648,Jain P.
57210912098,Farrell M.
57206968876,Jackson J.
57205198823,Hutchings N.
57210927548,Dutson J.
57210928665,Allen D.
6602572190,Eggett D.
57210914089,Akagi J.
57203981655,Moon B.
57210920448,Chen X.
57202433366,Robles V.D.
56724258600,Khajah T.
7801676127,Villamizar V.
57194391871,Blackburn L.
57189491950,Young A.
57205348362,Rogers P.
51461952600,Powell K.
57216491948,Hershman R.
57191587072,Chelladurai I.
24295291100,Miles M.P.
23052031200,Niezgoda S.
7004495126,Beyerlein I.J.
12778890800,Knezevic M.
57194703295,Asimaki D.
57144565100,Tepalcapa S.
57189458176,Roman-de la Sancha A.
24080990600,Montalva G.
56323465700,Rojas-Nastrucci E.A.
57209274795,Griffin D.
7102483892,Weller T.M.
57200208018,May D.
36701008900,Aktas A.
7201687754,Advani S.G.
7202401225,Berg D.C.
12805837100,Endruweit A.
56257805000,Fauster E.
7005067917,Lomov S.V.
7202417224,Long A.
55927295500,Mitschang P.
6508257901,Abaimov S.
55931847400,Abliz D.
7004092560,Akhatov I.
56955794500,Ali M.A.
55778257800,Allen T.D.
6701664914,Bickerton S.
24504209800,Bodaghi M.
55247112800,Caglar B.
57207841000,Caglar H.
12780700500,Chiminelli A.
7006236094,Correia N.
16303239800,Cosson B.
55315191100,Danzi M.
57194063754,Dittmann J.
6701501207,Ermanni P.
24072733200,Francucci G.
57192140261,Grishaev V.
57207843958,Hancioglu M.
57207841443,Kabachi M.A.
57207846799,Kind K.
56473665600,Deléglise-Lagardère M.
23977815400,Laspalas M.
56308354900,Lebedev O.V.
36859700200,Lizaranzu M.
26221155700,Liotier P.-J.
24385613600,Middendorf P.
15081415200,Morán J.
7408416878,Park C.-H.
11042527300,Pipes R.B.
56185388600,Pucci M.F.
57207844500,Raynal J.
57189577432,Rodriguez E.S.
6602943081,Schledjewski R.
57207842677,Schubnel R.
39062078800,Sharp N.
7101608513,Sims G.
6602499334,Sozer E.M.
57202152216,Sousa P.
57213372150,Thomas J.
8555191500,Umer R.
57195579636,Wijaya W.
57207842193,Willenbacher B.
57203836326,Yong A.
55639502500,Zaremba S.
6602168494,Ziegmann G.
57209284973,Saleh A.M.
56221901100,Wilding K.M.
6507753128,Calve S.
6504734319,Kinzer-Ursem T.L.
24759275600,McDonald J.K.
57207312334,Michela E.
56709364700,Stott M.A.
57192981384,Davis H.C.
57190258899,Luc-Harkey B.A.
24333330300,Seeley M.K.
57189382200,Troy Blackburn J.
57203250533,Pietrosimone B.
57203957449,Teng J.
55247719300,Jain A.
56871132500,Stambaugh A.
7402407628,Patterson J.L.
57210286057,Dryer Z.
57210287346,Nickerl A.
57210288854,Carreira M.
57214559823,Monteiro T.
6602749964,Gibby W.
57205512220,Parish W.
7102985794,Merrill R.M.
9739395200,Fernandez D.
57202736299,Anderson C.R.
57205515588,Merchel E.
57205514839,Parr R.
57194392244,Hicks D.
7006214218,Mehl M.J.
57194503011,Gossett E.
9845705900,Toher C.
7004929818,Levy O.
57194379165,Hanson R.M.
6603325558,Curtarolo S.
57191586637,Chatterjee S.
57208184650,Chapman S.C.
57189294915,Major G.H.
6701755273,Lunt B.M.
55200909800,Harrison C.R.
7004234161,Linford M.R.
56330970800,Defigueiredo B.P.
57190247942,Tolman K.A.
57197791798,Crampton E.
57191995887,Andersen J.
57203240784,Dickinson L.
57193574682,Heidbrink S.
57208784903,Monson T.
56417117600,O'Neill M.
57203245208,Reese K.
57208771517,Spendlove B.
35621274900,Vaziripour E.
55681652500,Wu J.
7003445799,Zappala D.
55855376400,Nysetvold T.B.
57126390100,Gagakuma E.
57214523209,Thomas M.
57205509268,Fronk Z.
57208845618,Gross A.
57205502574,Willmore D.
57205849200,Arango A.
57205504743,Higham C.
57207222602,Nguyen V.
57205501457,Lim H.
57205504946,Kale V.
57205502490,McMillan G.
7004339080,Seegmiller R.E.
57200375892,Pierce J.
57193720916,Gunter C.
6701421652,Fourment L.
57205270902,Mathis T.
57209887692,Pinto T.
57205763350,Forsgren B.
7004435321,Fonseca F.S.
56781290700,Fortes E.S.
36055605700,Parsekian G.A.
16041305200,Camacho J.S.
57215322624,Stanley Fujimoto M.
57204552603,Barton T.J.
57204551844,Linn J.
57204547933,Jenkins D.
57195217444,Smith R.
57200690449,Arnold B.T.
57208717150,Lee A.
57204091960,Allen Q.S.
56353116200,Allen J.D.
6603717022,Hatch N.W.
57210923446,Chen J.
55652695700,Oh S.K.
57205329719,Nabulsi N.
57199801999,Johnson H.
57193242858,Wang W.
7005512824,Ryou J.-H.
57205263313,Hogg S.M.
36953700600,Le Bas P.-Y.
23970286000,Bathe M.
57194276793,Chrisey L.A.
57208827685,Herr D.J.C.
7401703652,Lin Q.
57202228997,Rasic D.
54415129200,Zadegan R.M.
7005373645,Zhirnov V.V.
57202047395,Noronha D.H.
57193927413,Zhao R.
26029526200,Luk W.
7006799143,Wilton S.J.E.
57203922639,Stubbs C.J.
57196487336,Sun W.
16199522200,Cook D.D.
56985459400,Kraus D.
57195343816,Sherrod V.
57201722090,Day N.
56237421600,Cowley A.
55912340300,Vosughi A.
57201864184,Johnson C.
34874297000,Xue M.
10639679200,Roy S.
56854811600,Rich P.J.
55141781300,Hu H.H.
57190384916,Maestre J.
7005253700,Pallares J.
7004060735,Cuesta I.
55413434100,Collins D.H.
57197733358,Janke D.
57200390842,Monk A.
8392459500,Hunter A.
57200730892,Moore B.A.
53984647600,Mudunuru M.
56806547100,Chau V.
57201199846,Tchoua R.
57201509548,Karra S.
7006051256,O'Malley D.
6505878659,Rougier E.
8298784700,Viswanathan H.
35747244700,Srinivasan G.
57193565771,Leung H.
16177635300,Dankers A.
57207108623,Brodie M.
57200290256,Tensmeyer C.
57207112163,Ackerman W.
7102270639,Martinez T.
57205388766,Pettingill D.
57205393448,Kurtz D.
16313800700,Smalley D.
55638504300,Youn C.C.
56798055200,Gates N.S.
57192697616,Moore K.R.
8621794000,Ning A.
57215306633,Newcomb J.E.
57201367093,Unrau M.A.
57189445479,Sanchez D.
55812232700,Munro T.
57192955909,La A.
55161739600,Howell B.
57211281996,Siebert J.
57211282830,Hill M.
57204903122,Hazen G.
57187178400,Morgan D.
57211282935,Hamilton M.
57216747100,Korimi M.
57216739000,Adams M.R.
57212553003,Pham H.
57200205435,Schroedter T.L.
57203241931,Smith T.
57212168814,Armknecht J.
57212172095,Cameron J.
57205292526,Rogers W.
57195066838,Neupane A.
57212106357,Clinton R.
57212103171,Whitehead J.
57211214561,Seat M.L.
57211216470,Wyatt Clegg B.
57212107036,Metro D.
57212104751,Cockrell J.
57212106857,Moffett T.
57212104028,Bonner N.
57204799155,Kincaid C.J.
57204803477,Vaterlaus A.C.
57204802622,Stanford N.R.
57219001134,Redd B.
57218994430,Ebert J.
57218994299,Twitchell A.
57218995344,Long D.G.
36677010800,Briceño X.
57204692730,Arabian F.
56747516900,Warner W.Y.
56071519600,Wilson M.E.
57212342916,Ynchausti C.
57212351695,Seymour K.
57212342217,Sheffield J.
57212343330,Armstrong A.G.
57212351059,Hunter J.G.
57212341630,Andrews D.W.
57212277900,Brown T.
57188667076,Hope S.
57200534297,Stringham B.J.
57214773567,Smith D.O.
57212271263,Naylor T.A.
57111140800,Martin R.A.
57197737083,Sadler J.E.
57205761514,Day R.D.
57205766759,Bronson P.G.
57205762398,Tovar J.L.
7004511126,Tree D.R.
57200687939,Tobiasson J.R.
57200688910,Egbert S.C.
57031187500,Gong H.
57089497400,Johnson B.I.
57209912956,Avval T.G.
57209911428,Hodges G.T.
57211503118,Carver V.
57211500187,Membreno K.
7006120837,Allred D.D.
57209530205,Hooper K.
57215116223,Baker N.F.
57191952713,Stanley A.P.J.
57188658434,Thomas J.J.
36682113800,Dykes K.
56245452300,Annoni J.
35310092900,Fleming P.
57214589312,Thorum A.
57215007775,Page L.
36126203400,Hua Z.
7102843798,Hurley D.
57214451592,Yayoglu Y.E.
6603114735,Gallant N.D.
8641604600,Toomey R.
23027991800,List M.G.
7103035939,Rossiter J.A.
57212228353,Pope S.A.
7404957607,Jones B.L.
57203578595,Baptista A.
57203572508,Carneiro A.
55849943100,Lundgreen R.
35338971800,Bai H.
57207260622,Starick T.
24336460200,Schmidt H.
57195960835,Nittala S.
57203300120,Howland S.
13607032600,Jesiek B.
57209399640,Tyler J.
57212167791,Gatrell C.
57209394752,Howard D.
57211217749,Gibbons J.D.
57203661821,Lusk P.C.
46961076700,Glaab P.C.
7801515665,Glaab L.J.
57208012133,Wagstaff K.B.
57208012227,Black R.
55698505100,Black J.A.
57203308821,Hueros R.A.R.
55326143600,Parks J.W.
57212351859,Goodson M.
7404766197,Anderson M.
57212271159,Stapleton T.
57205765859,Owens T.
7201511283,Webb B.W.
6602191934,Solovjov V.P.
57193878725,André F.
57210949030,Patterson C.
7404901361,Kelly J.D.
57210375461,Ba Q.
55861508600,Li X.
56484754900,Cheng L.
6506942267,Lofthouse V.
6602562656,Bhamra T.
57202112010,Downing T.
57202120923,Anderson S.
57193360481,Wright L.
57205767010,Haskell M.
57205762391,Bowman E.
35435170000,Lingwall B.N.
55665473200,Youd T.L.
57204677450,Blonquist J.
57204677555,Liang J.H.
57204472177,Rowberry H.C.
56530707600,Noyce S.G.
54790496100,Craighead H.G.
26427694400,Jolly S.
57190256209,Datta B.
57191107247,Parthiban V.
55664291100,Michael Bove V.
7202317282,Katayama I.
57192070840,Kobayashi M.
57201700890,Gubaev K.
57195574701,Podryabinkin E.V.
57215333932,Khah F.S.
34868658300,Rybkowski Z.K.
57215305002,Ray Pentecost A.
7410171017,Smith J.P.
57215336161,Muir R.
57201360985,Terry J.S.
57212351343,Whitaker J.
57194859276,Vaughn A.B.
15766049500,Swift S.H.
7202538835,Downing J.M.
15044701600,James M.M.
57203579114,Barreto D.
57203573476,Carilho M.
57203570620,Domschke V.
57216989927,Tilahun L.E.
57211502145,Gabriel Richardson J.
6507803480,Steven Turley R.
24330327900,Vance A.
55634592700,Eargle D.
36713489900,Jenkins J.L.
35725132100,Brock Kirwan C.
36986090000,Anderson B.B.
57193722976,Nascimento M.R.
7005521036,Roman H.R.
55557218000,Abut F.
7102443026,Akay M.F.
7403558004,George J.
56790117900,Yellowhorse A.D.
57193911152,Fernquest S.
55780846900,Palmer A.
57203303999,Gammer B.
57217139231,Hirons E.
14064679200,Kendrick B.
7405891981,Taylor A.
57201739935,De Berker H.
6508339625,Bangerter N.
57213262958,Carr A.
6506674242,Glyn-Jones S.
57191362366,Zimmerman T.K.
57194018623,Calvin J.J.
57205236255,Rosen P.F.
57194101278,Ross N.L.
35392647700,Navrotsky A.
57204968964,Bohman M.
57205645397,Anderson J.
55353164900,Cazzaniga C.
7101816954,Frost C.
57200527971,Elston E.
11440678000,Schrand A.
24337245000,Arashida Y.
56023819400,Yamashita G.
10639240900,Matsubara E.
11043349200,Ashida M.
54782837300,Lübeck A.
8048702500,Mohamad G.
57207228809,Milani A.S.
13411176900,Gou Y.
57205595555,Peterson S.
9336961600,Stephens K.K.
16425686200,Hughes A.
57217471535,Purohit H.
56577741600,Sen U.
55807316700,Chatterjee S.
7102317656,Ganguly R.
57200514682,Yu L.
7003388995,Megaridis C.M.
16229559200,Banik J.A.
57207993531,Villa J.M.
56560118600,Ayoubi P.
57214608701,Roxanne Hiltz S.
55598006500,Imran M.
23668489900,Plotnick L.
15848894300,Power R.
57209871741,Turoff M.
35380198000,Sato Y.
57200723881,Yan D.
7401952672,Rodríguez E.
35556946600,Bourassa M.
7004590414,Chelton D.
43261827400,Thomas Farrar J.
55428435400,Perkovic-Martin D.
7004611313,Samelson R.
7004507225,Lemonnier D.
57193568214,Coelho F.
6506341914,Consalvi J.-L.
7005053199,Franca F.
55671352500,Galtier M.
22952048100,Nmira F.
6507447149,Pastusek P.
23012428800,Payette G.
56642521500,Shor R.
24780432200,Cayeux E.
55233755100,Aarsnes U.J.
7801636116,Menand S.
7101973402,Macpherson J.
35368447500,Gandikota R.
7801530241,Behounek M.
56689651300,Harmer R.
7005786977,Detournay E.
7801609389,Illerhaus R.
55922401500,Liu Y.
57191525048,Allender E.J.
41262329300,Orgel C.
57203758421,Almeida N.V.
57203801188,Cook J.
57203805526,Ende J.J.
57202763603,Kamps O.
56116155300,Mazrouei S.
57203801050,Slezak T.J.
57199854443,Soini A.-J.
56979909000,Kring D.A.
57205650285,Leavitt J.C.
56698926600,Lee D.S.
55627591500,King M.
57205652485,Evans W.
57193683516,Rice W.
57202192401,Kim K.M.
57203191415,Russell B.D.
57203142381,Emerson P.
57204916397,Duffy C.
57204916190,Prugue C.
57204910117,Glew R.
57198809206,Smith T.
57204925116,Howell C.
57204911023,Choi G.
55303499100,Bowen L.
56577817900,Wilcox E.
57189623841,Shrager A.
7003678761,Frecker M.I.
6602997992,von Lockette P.
7202539045,Simpson T.W.
55710750200,Temple K.
6508087756,Chalfant T.
57207110219,Ernst D.
57214580514,Kahn C.
57204110218,McGhin R.F.
56549581200,Hotchkiss R.H.
55259726700,Jensen J.L.
55256673100,Holt E.A.
57202609763,Sowards J.B.
6508265156,Heath Ogden T.
56433927200,West R.E.
7404022739,Cox J.J.
7003352704,Tikare V.
7102280128,Kurata M.
34976725300,Haut T.
6602423274,Wingate B.A.
57198044407,Huang X.
55736791400,Wang X.
7601492574,Wang Y.
57203572325,Zhu Y.
57201742316,Feeman S.M.
56463982900,Clavijo C.E.
55764401200,Stevens K.
6602549459,Chahal J.S.
6602123531,Ghorpade S.R.
57193089338,Frank I.W.
57201086222,Desrochers C.
26634282400,Prinz G.S.
57204595191,Shah D.
57204607180,Patel D.I.
56226072000,Roychowdhury T.
7003631423,Rayner G.B.
57204596520,O’Toole N.
7103236401,Baer D.R.
57195264521,Loiseau J.
57204829124,Lim H.
35239803700,Bergen B.K.
37086141200,Moss N.D.
8329346700,Alin F.
55369699900,Ni Q.
57204830739,Hastings A.
57204825465,Jensen S.
7006372151,Hutchings B.
57203192064,Davis B.R.
57203188827,Ford H.
55619678900,Safdarnejad S.M.
57202852104,Barnwell N.V.
57202852946,Tryon J.E.
57202860730,Sadler A.L.
56701619800,Ding S.
8369472600,Das S.R.
57193322440,Brownlee B.J.
56376235200,Parate K.
57202237979,Davis T.M.
56702333100,Stromberg L.R.
7401994123,Chan E.K.L.
35336731800,Katz J.
23388379100,Claussen J.C.
57204695840,Larmore G.
57204695450,Perrinsy E.
56490084100,Boyce P.
57204693186,Harrisony W.K.
57188711588,Henrie A.
57200118672,Codling J.R.
57164754700,Gneiting S.
57200117120,Christensen J.B.
57200121629,Burdette M.J.
55523036500,Burgett J.M.
56287595000,Perrenoud A.
56426567600,Schinn S.-M.
57200181918,Long E.A.
16197655400,Hess B.C.
56703039000,Loney D.A.
39362193900,Pevey K.C.
57197749025,McAlpin J.T.
57201022887,Nelsen B.W.
57217564448,Hargis B.H.
57213462935,Peterson J.R.
57205507684,Perego A.
57205503531,Shelley M.
57194047397,Olsen C.R.
57205500882,Perez L.D.
57205505883,Hogg H.L.
57212277009,Watt R.K.
35587077000,Colton J.S.
57190849274,Jiang Z.
55235047300,Poornejad N.
56515354700,Momtahan N.
57194105863,Salehi A.S.M.
56921113900,Scott D.R.
57044630300,Fronk C.A.
7005654753,Roeder B.L.
56701050600,Reynolds P.R.
57203184524,Cramer J.
57201465968,Adams D.
56248395300,Brown T.
57203180153,Misha R.
